Shape,Result,Number,Time
<http://example.org/lungCancer/shapes/Protocol1>,valid,1214,8.114603281021118
<http://example.org/lungCancer/shapes/Protocol1>,valid,366,8.111602783203125
<http://example.org/lungCancer/shapes/Protocol1>,valid,263,8.11060357093811
<http://example.org/lungCancer/shapes/Protocol1>,valid,660,8.112602949142456
<http://example.org/lungCancer/shapes/Protocol1>,valid,959,8.113603115081787
<http://example.org/lungCancer/shapes/Protocol1>,violated,6,8.11060357093811
<http://example.org/lungCancer/shapes/Protocol1>,valid,528,8.111602783203125
<http://example.org/lungCancer/shapes/Protocol1>,valid,244,8.11060357093811
<http://example.org/lungCancer/shapes/Protocol1>,valid,686,8.112602949142456
<http://example.org/lungCancer/shapes/Protocol1>,valid,327,8.111602783203125
<http://example.org/lungCancer/shapes/Protocol1>,valid,610,8.112602949142456
<http://example.org/lungCancer/shapes/Protocol1>,valid,232,8.11060357093811
<http://example.org/lungCancer/shapes/Protocol1>,valid,452,8.111602783203125
<http://example.org/lungCancer/shapes/Protocol1>,valid,304,8.111602783203125
<http://example.org/lungCancer/shapes/Protocol1>,valid,800,8.112602949142456
<http://example.org/lungCancer/shapes/Protocol1>,valid,472,8.111602783203125
<http://example.org/lungCancer/shapes/Protocol1>,valid,1219,8.114603281021118
<http://example.org/lungCancer/shapes/Protocol1>,valid,958,8.113603115081787
<http://example.org/lungCancer/shapes/Protocol1>,valid,775,8.112602949142456
<http://example.org/lungCancer/shapes/Protocol1>,valid,1165,8.113603115081787
<http://example.org/lungCancer/shapes/Protocol1>,valid,450,8.111602783203125
<http://example.org/lungCancer/shapes/Protocol1>,valid,1075,8.113603115081787
<http://example.org/lungCancer/shapes/Protocol1>,valid,345,8.111602783203125
<http://example.org/lungCancer/shapes/Protocol1>,valid,856,8.112602949142456
<http://example.org/lungCancer/shapes/Protocol1>,valid,129,8.11060357093811
<http://example.org/lungCancer/shapes/Protocol1>,valid,188,8.11060357093811
<http://example.org/lungCancer/shapes/Protocol1>,valid,1190,8.113603115081787
<http://example.org/lungCancer/shapes/Protocol1>,valid,192,8.11060357093811
<http://example.org/lungCancer/shapes/Protocol1>,valid,505,8.111602783203125
<http://example.org/lungCancer/shapes/Protocol1>,valid,750,8.112602949142456
<http://example.org/lungCancer/shapes/Protocol1>,valid,137,8.11060357093811
<http://example.org/lungCancer/shapes/Protocol1>,valid,287,8.11060357093811
<http://example.org/lungCancer/shapes/Protocol1>,valid,895,8.112602949142456
<http://example.org/lungCancer/shapes/Protocol1>,valid,774,8.112602949142456
<http://example.org/lungCancer/shapes/Protocol1>,valid,1188,8.113603115081787
<http://example.org/lungCancer/shapes/Protocol1>,valid,606,8.112602949142456
<http://example.org/lungCancer/shapes/Protocol1>,valid,853,8.112602949142456
<http://example.org/lungCancer/shapes/Protocol1>,valid,876,8.112602949142456
<http://example.org/lungCancer/shapes/Protocol1>,valid,1024,8.113603115081787
<http://example.org/lungCancer/shapes/Protocol1>,valid,445,8.111602783203125
<http://example.org/lungCancer/shapes/Protocol1>,valid,1096,8.113603115081787
<http://example.org/lungCancer/shapes/Protocol1>,valid,714,8.112602949142456
<http://example.org/lungCancer/shapes/Protocol1>,valid,885,8.112602949142456
<http://example.org/lungCancer/shapes/Protocol1>,valid,968,8.113603115081787
<http://example.org/lungCancer/shapes/Protocol1>,valid,210,8.11060357093811
<http://example.org/lungCancer/shapes/Protocol1>,valid,1140,8.113603115081787
<http://example.org/lungCancer/shapes/Protocol1>,valid,252,8.11060357093811
<http://example.org/lungCancer/shapes/Protocol1>,valid,875,8.112602949142456
<http://example.org/lungCancer/shapes/Protocol1>,valid,80,8.11060357093811
<http://example.org/lungCancer/shapes/Protocol1>,valid,986,8.113603115081787
<http://example.org/lungCancer/shapes/Protocol1>,valid,1130,8.113603115081787
<http://example.org/lungCancer/shapes/Protocol1>,valid,851,8.112602949142456
<http://example.org/lungCancer/shapes/Protocol1>,valid,431,8.111602783203125
<http://example.org/lungCancer/shapes/Protocol1>,valid,879,8.112602949142456
<http://example.org/lungCancer/shapes/Protocol1>,valid,973,8.113603115081787
<http://example.org/lungCancer/shapes/Protocol1>,valid,1069,8.113603115081787
<http://example.org/lungCancer/shapes/Protocol1>,valid,622,8.112602949142456
<http://example.org/lungCancer/shapes/Protocol1>,valid,956,8.113603115081787
<http://example.org/lungCancer/shapes/Protocol1>,valid,535,8.111602783203125
<http://example.org/lungCancer/shapes/Protocol1>,valid,1215,8.114603281021118
<http://example.org/lungCancer/shapes/Protocol1>,valid,63,8.11060357093811
<http://example.org/lungCancer/shapes/Protocol1>,valid,716,8.112602949142456
<http://example.org/lungCancer/shapes/Protocol1>,valid,1113,8.113603115081787
<http://example.org/lungCancer/shapes/Protocol1>,valid,24,8.11060357093811
<http://example.org/lungCancer/shapes/Protocol1>,valid,846,8.112602949142456
<http://example.org/lungCancer/shapes/Protocol1>,valid,1137,8.113603115081787
<http://example.org/lungCancer/shapes/Protocol1>,valid,342,8.111602783203125
<http://example.org/lungCancer/shapes/Protocol1>,valid,328,8.111602783203125
<http://example.org/lungCancer/shapes/Protocol1>,valid,945,8.113603115081787
<http://example.org/lungCancer/shapes/Protocol1>,valid,147,8.11060357093811
<http://example.org/lungCancer/shapes/Protocol1>,valid,1070,8.113603115081787
<http://example.org/lungCancer/shapes/Protocol1>,valid,422,8.111602783203125
<http://example.org/lungCancer/shapes/Protocol1>,valid,777,8.112602949142456
<http://example.org/lungCancer/shapes/Protocol1>,valid,1182,8.113603115081787
<http://example.org/lungCancer/shapes/Protocol1>,valid,1144,8.113603115081787
<http://example.org/lungCancer/shapes/Protocol1>,valid,215,8.11060357093811
<http://example.org/lungCancer/shapes/Protocol1>,valid,918,8.113603115081787
<http://example.org/lungCancer/shapes/Protocol1>,valid,451,8.111602783203125
<http://example.org/lungCancer/shapes/Protocol1>,valid,1055,8.113603115081787
<http://example.org/lungCancer/shapes/Protocol1>,valid,1177,8.113603115081787
<http://example.org/lungCancer/shapes/Protocol1>,valid,214,8.11060357093811
<http://example.org/lungCancer/shapes/Protocol1>,valid,905,8.113603115081787
<http://example.org/lungCancer/shapes/Protocol1>,valid,1084,8.113603115081787
<http://example.org/lungCancer/shapes/Protocol1>,valid,1173,8.113603115081787
<http://example.org/lungCancer/shapes/Protocol1>,valid,379,8.111602783203125
<http://example.org/lungCancer/shapes/Protocol1>,valid,672,8.112602949142456
<http://example.org/lungCancer/shapes/Protocol1>,valid,1029,8.113603115081787
<http://example.org/lungCancer/shapes/Protocol1>,valid,849,8.112602949142456
<http://example.org/lungCancer/shapes/Protocol1>,valid,948,8.113603115081787
<http://example.org/lungCancer/shapes/Protocol1>,valid,1091,8.113603115081787
<http://example.org/lungCancer/shapes/Protocol1>,valid,970,8.113603115081787
<http://example.org/lungCancer/shapes/Protocol1>,valid,51,8.11060357093811
<http://example.org/lungCancer/shapes/Protocol1>,valid,868,8.112602949142456
<http://example.org/lungCancer/shapes/Protocol1>,valid,389,8.111602783203125
<http://example.org/lungCancer/shapes/Protocol1>,valid,870,8.112602949142456
<http://example.org/lungCancer/shapes/Protocol1>,valid,290,8.11060357093811
<http://example.org/lungCancer/shapes/Protocol1>,valid,320,8.111602783203125
<http://example.org/lungCancer/shapes/Protocol1>,valid,985,8.113603115081787
<http://example.org/lungCancer/shapes/Protocol1>,valid,139,8.11060357093811
<http://example.org/lungCancer/shapes/Protocol1>,valid,1187,8.113603115081787
<http://example.org/lungCancer/shapes/Protocol1>,valid,604,8.112602949142456
<http://example.org/lungCancer/shapes/Protocol1>,valid,838,8.112602949142456
<http://example.org/lungCancer/shapes/Protocol1>,valid,1239,8.114603281021118
<http://example.org/lungCancer/shapes/Protocol1>,valid,267,8.11060357093811
<http://example.org/lungCancer/shapes/Protocol1>,valid,978,8.113603115081787
<http://example.org/lungCancer/shapes/Protocol1>,valid,1064,8.113603115081787
<http://example.org/lungCancer/shapes/Protocol1>,valid,596,8.112602949142456
<http://example.org/lungCancer/shapes/Protocol1>,valid,891,8.112602949142456
<http://example.org/lungCancer/shapes/Protocol1>,valid,162,8.11060357093811
<http://example.org/lungCancer/shapes/Protocol1>,valid,131,8.11060357093811
<http://example.org/lungCancer/shapes/Protocol1>,valid,1170,8.113603115081787
<http://example.org/lungCancer/shapes/Protocol1>,valid,1080,8.113603115081787
<http://example.org/lungCancer/shapes/Protocol1>,valid,888,8.112602949142456
<http://example.org/lungCancer/shapes/Protocol1>,valid,58,8.11060357093811
<http://example.org/lungCancer/shapes/Protocol1>,valid,289,8.11060357093811
<http://example.org/lungCancer/shapes/Protocol1>,valid,836,8.112602949142456
<http://example.org/lungCancer/shapes/Protocol1>,valid,1210,8.113603115081787
<http://example.org/lungCancer/shapes/Protocol1>,valid,931,8.113603115081787
<http://example.org/lungCancer/shapes/Protocol1>,valid,111,8.11060357093811
<http://example.org/lungCancer/shapes/Protocol1>,valid,549,8.111602783203125
<http://example.org/lungCancer/shapes/Protocol1>,valid,100,8.11060357093811
<http://example.org/lungCancer/shapes/Protocol1>,valid,429,8.111602783203125
<http://example.org/lungCancer/shapes/Protocol1>,valid,363,8.111602783203125
<http://example.org/lungCancer/shapes/Protocol1>,valid,913,8.113603115081787
<http://example.org/lungCancer/shapes/Protocol1>,valid,518,8.111602783203125
<http://example.org/lungCancer/shapes/Protocol1>,valid,1085,8.113603115081787
<http://example.org/lungCancer/shapes/Protocol1>,valid,519,8.111602783203125
<http://example.org/lungCancer/shapes/Protocol1>,valid,275,8.11060357093811
<http://example.org/lungCancer/shapes/Protocol1>,valid,609,8.112602949142456
<http://example.org/lungCancer/shapes/Protocol1>,valid,743,8.112602949142456
<http://example.org/lungCancer/shapes/Protocol1>,valid,1011,8.113603115081787
<http://example.org/lungCancer/shapes/Protocol1>,valid,88,8.11060357093811
<http://example.org/lungCancer/shapes/Protocol1>,valid,1156,8.113603115081787
<http://example.org/lungCancer/shapes/Protocol1>,valid,916,8.113603115081787
<http://example.org/lungCancer/shapes/Protocol1>,valid,1135,8.113603115081787
<http://example.org/lungCancer/shapes/Protocol1>,valid,238,8.11060357093811
<http://example.org/lungCancer/shapes/Protocol1>,valid,152,8.11060357093811
<http://example.org/lungCancer/shapes/Protocol1>,valid,127,8.11060357093811
<http://example.org/lungCancer/shapes/Protocol1>,valid,195,8.11060357093811
<http://example.org/lungCancer/shapes/Protocol1>,valid,501,8.111602783203125
<http://example.org/lungCancer/shapes/Protocol1>,valid,928,8.113603115081787
<http://example.org/lungCancer/shapes/Protocol1>,valid,929,8.113603115081787
<http://example.org/lungCancer/shapes/Protocol1>,valid,89,8.11060357093811
<http://example.org/lungCancer/shapes/Protocol1>,valid,480,8.111602783203125
<http://example.org/lungCancer/shapes/Protocol1>,valid,790,8.112602949142456
<http://example.org/lungCancer/shapes/Protocol1>,valid,67,8.11060357093811
<http://example.org/lungCancer/shapes/Protocol1>,valid,943,8.113603115081787
<http://example.org/lungCancer/shapes/Protocol1>,valid,47,8.11060357093811
<http://example.org/lungCancer/shapes/Protocol1>,valid,548,8.111602783203125
<http://example.org/lungCancer/shapes/Protocol1>,valid,144,8.11060357093811
<http://example.org/lungCancer/shapes/Protocol1>,valid,725,8.112602949142456
<http://example.org/lungCancer/shapes/Protocol1>,valid,648,8.112602949142456
<http://example.org/lungCancer/shapes/Protocol1>,valid,435,8.111602783203125
<http://example.org/lungCancer/shapes/Protocol1>,valid,608,8.112602949142456
<http://example.org/lungCancer/shapes/Protocol1>,valid,341,8.111602783203125
<http://example.org/lungCancer/shapes/Protocol1>,valid,494,8.111602783203125
<http://example.org/lungCancer/shapes/Protocol1>,valid,453,8.111602783203125
<http://example.org/lungCancer/shapes/Protocol1>,valid,804,8.112602949142456
<http://example.org/lungCancer/shapes/Protocol1>,valid,562,8.111602783203125
<http://example.org/lungCancer/shapes/Protocol1>,valid,84,8.11060357093811
<http://example.org/lungCancer/shapes/Protocol1>,valid,618,8.112602949142456
<http://example.org/lungCancer/shapes/Protocol1>,valid,41,8.11060357093811
<http://example.org/lungCancer/shapes/Protocol1>,valid,151,8.11060357093811
<http://example.org/lungCancer/shapes/Protocol1>,valid,940,8.113603115081787
<http://example.org/lungCancer/shapes/Protocol1>,valid,524,8.111602783203125
<http://example.org/lungCancer/shapes/Protocol1>,valid,530,8.111602783203125
<http://example.org/lungCancer/shapes/Protocol1>,valid,68,8.11060357093811
<http://example.org/lungCancer/shapes/Protocol1>,valid,167,8.11060357093811
<http://example.org/lungCancer/shapes/Protocol1>,valid,177,8.11060357093811
<http://example.org/lungCancer/shapes/Protocol1>,valid,746,8.112602949142456
<http://example.org/lungCancer/shapes/Protocol1>,valid,724,8.112602949142456
<http://example.org/lungCancer/shapes/Protocol1>,valid,186,8.11060357093811
<http://example.org/lungCancer/shapes/Protocol1>,valid,1019,8.113603115081787
<http://example.org/lungCancer/shapes/Protocol1>,valid,1109,8.113603115081787
<http://example.org/lungCancer/shapes/Protocol1>,valid,653,8.112602949142456
<http://example.org/lungCancer/shapes/Protocol1>,valid,97,8.11060357093811
<http://example.org/lungCancer/shapes/Protocol1>,valid,166,8.11060357093811
<http://example.org/lungCancer/shapes/Protocol1>,valid,109,8.11060357093811
<http://example.org/lungCancer/shapes/Protocol1>,valid,874,8.112602949142456
<http://example.org/lungCancer/shapes/Protocol1>,valid,1076,8.113603115081787
<http://example.org/lungCancer/shapes/Protocol1>,valid,312,8.111602783203125
<http://example.org/lungCancer/shapes/Protocol1>,valid,276,8.11060357093811
<http://example.org/lungCancer/shapes/Protocol1>,valid,789,8.112602949142456
<http://example.org/lungCancer/shapes/Protocol1>,valid,258,8.11060357093811
<http://example.org/lungCancer/shapes/Protocol1>,valid,1003,8.113603115081787
<http://example.org/lungCancer/shapes/Protocol1>,valid,794,8.112602949142456
<http://example.org/lungCancer/shapes/Protocol1>,valid,414,8.111602783203125
<http://example.org/lungCancer/shapes/Protocol1>,valid,758,8.112602949142456
<http://example.org/lungCancer/shapes/Protocol1>,valid,130,8.11060357093811
<http://example.org/lungCancer/shapes/Protocol1>,valid,899,8.113603115081787
<http://example.org/lungCancer/shapes/Protocol1>,valid,444,8.111602783203125
<http://example.org/lungCancer/shapes/Protocol1>,valid,216,8.11060357093811
<http://example.org/lungCancer/shapes/Protocol1>,valid,331,8.111602783203125
<http://example.org/lungCancer/shapes/Protocol1>,valid,971,8.113603115081787
<http://example.org/lungCancer/shapes/Protocol1>,valid,371,8.111602783203125
<http://example.org/lungCancer/shapes/Protocol1>,valid,873,8.112602949142456
<http://example.org/lungCancer/shapes/Protocol1>,valid,751,8.112602949142456
<http://example.org/lungCancer/shapes/Protocol1>,valid,523,8.111602783203125
<http://example.org/lungCancer/shapes/Protocol1>,violated,4,8.11060357093811
<http://example.org/lungCancer/shapes/Protocol1>,valid,656,8.112602949142456
<http://example.org/lungCancer/shapes/Protocol1>,valid,655,8.112602949142456
<http://example.org/lungCancer/shapes/Protocol1>,valid,106,8.11060357093811
<http://example.org/lungCancer/shapes/Protocol1>,valid,1162,8.113603115081787
<http://example.org/lungCancer/shapes/Protocol1>,valid,1157,8.113603115081787
<http://example.org/lungCancer/shapes/Protocol1>,valid,141,8.11060357093811
<http://example.org/lungCancer/shapes/Protocol1>,valid,95,8.11060357093811
<http://example.org/lungCancer/shapes/Protocol1>,valid,917,8.113603115081787
<http://example.org/lungCancer/shapes/Protocol1>,valid,1122,8.113603115081787
<http://example.org/lungCancer/shapes/Protocol1>,valid,1242,8.114603281021118
<http://example.org/lungCancer/shapes/Protocol1>,valid,245,8.11060357093811
<http://example.org/lungCancer/shapes/Protocol1>,valid,1047,8.113603115081787
<http://example.org/lungCancer/shapes/Protocol1>,valid,589,8.112602949142456
<http://example.org/lungCancer/shapes/Protocol1>,valid,664,8.112602949142456
<http://example.org/lungCancer/shapes/Protocol1>,valid,532,8.111602783203125
<http://example.org/lungCancer/shapes/Protocol1>,valid,877,8.112602949142456
<http://example.org/lungCancer/shapes/Protocol1>,valid,104,8.11060357093811
<http://example.org/lungCancer/shapes/Protocol1>,valid,1009,8.113603115081787
<http://example.org/lungCancer/shapes/Protocol1>,valid,820,8.112602949142456
<http://example.org/lungCancer/shapes/Protocol1>,valid,1057,8.113603115081787
<http://example.org/lungCancer/shapes/Protocol1>,valid,1195,8.113603115081787
<http://example.org/lungCancer/shapes/Protocol1>,valid,126,8.11060357093811
<http://example.org/lungCancer/shapes/Protocol1>,valid,380,8.111602783203125
<http://example.org/lungCancer/shapes/Protocol1>,valid,1111,8.113603115081787
<http://example.org/lungCancer/shapes/Protocol1>,valid,617,8.112602949142456
<http://example.org/lungCancer/shapes/Protocol1>,valid,32,8.11060357093811
<http://example.org/lungCancer/shapes/Protocol1>,valid,558,8.111602783203125
<http://example.org/lungCancer/shapes/Protocol1>,valid,938,8.113603115081787
<http://example.org/lungCancer/shapes/Protocol1>,valid,651,8.112602949142456
<http://example.org/lungCancer/shapes/Protocol1>,valid,1211,8.113603115081787
<http://example.org/lungCancer/shapes/Protocol1>,valid,1192,8.113603115081787
<http://example.org/lungCancer/shapes/Protocol1>,valid,306,8.111602783203125
<http://example.org/lungCancer/shapes/Protocol1>,valid,522,8.111602783203125
<http://example.org/lungCancer/shapes/Protocol1>,valid,568,8.111602783203125
<http://example.org/lungCancer/shapes/Protocol1>,valid,715,8.112602949142456
<http://example.org/lungCancer/shapes/Protocol1>,valid,1022,8.113603115081787
<http://example.org/lungCancer/shapes/Protocol1>,valid,506,8.111602783203125
<http://example.org/lungCancer/shapes/Protocol1>,valid,1008,8.113603115081787
<http://example.org/lungCancer/shapes/Protocol1>,valid,908,8.113603115081787
<http://example.org/lungCancer/shapes/Protocol1>,valid,1068,8.113603115081787
<http://example.org/lungCancer/shapes/Protocol1>,valid,577,8.111602783203125
<http://example.org/lungCancer/shapes/Protocol1>,valid,286,8.11060357093811
<http://example.org/lungCancer/shapes/Protocol1>,valid,1058,8.113603115081787
<http://example.org/lungCancer/shapes/Protocol1>,valid,412,8.111602783203125
<http://example.org/lungCancer/shapes/Protocol1>,valid,766,8.112602949142456
<http://example.org/lungCancer/shapes/Protocol1>,valid,600,8.112602949142456
<http://example.org/lungCancer/shapes/Protocol1>,valid,771,8.112602949142456
<http://example.org/lungCancer/shapes/Protocol1>,violated,10,8.11060357093811
<http://example.org/lungCancer/shapes/Protocol1>,valid,1123,8.113603115081787
<http://example.org/lungCancer/shapes/Protocol1>,valid,361,8.111602783203125
<http://example.org/lungCancer/shapes/Protocol1>,valid,694,8.112602949142456
<http://example.org/lungCancer/shapes/Protocol1>,valid,406,8.111602783203125
<http://example.org/lungCancer/shapes/Protocol1>,valid,138,8.11060357093811
<http://example.org/lungCancer/shapes/Protocol1>,valid,592,8.112602949142456
<http://example.org/lungCancer/shapes/Protocol1>,valid,1041,8.113603115081787
<http://example.org/lungCancer/shapes/Protocol1>,valid,963,8.113603115081787
<http://example.org/lungCancer/shapes/Protocol1>,valid,612,8.112602949142456
<http://example.org/lungCancer/shapes/Protocol1>,valid,266,8.11060357093811
<http://example.org/lungCancer/shapes/Protocol1>,valid,652,8.112602949142456
<http://example.org/lungCancer/shapes/Protocol1>,valid,1049,8.113603115081787
<http://example.org/lungCancer/shapes/Protocol1>,valid,710,8.112602949142456
<http://example.org/lungCancer/shapes/Protocol1>,valid,83,8.11060357093811
<http://example.org/lungCancer/shapes/Protocol1>,valid,189,8.11060357093811
<http://example.org/lungCancer/shapes/Protocol1>,valid,209,8.11060357093811
<http://example.org/lungCancer/shapes/Protocol1>,valid,390,8.111602783203125
<http://example.org/lungCancer/shapes/Protocol1>,valid,584,8.111602783203125
<http://example.org/lungCancer/shapes/Protocol1>,valid,717,8.112602949142456
<http://example.org/lungCancer/shapes/Protocol1>,valid,924,8.113603115081787
<http://example.org/lungCancer/shapes/Protocol1>,valid,1005,8.113603115081787
<http://example.org/lungCancer/shapes/Protocol1>,valid,551,8.111602783203125
<http://example.org/lungCancer/shapes/Protocol1>,valid,64,8.11060357093811
<http://example.org/lungCancer/shapes/Protocol1>,violated,1,8.11060357093811
<http://example.org/lungCancer/shapes/Protocol1>,valid,1198,8.113603115081787
<http://example.org/lungCancer/shapes/Protocol1>,valid,1131,8.113603115081787
<http://example.org/lungCancer/shapes/Protocol1>,valid,116,8.11060357093811
<http://example.org/lungCancer/shapes/Protocol1>,valid,792,8.112602949142456
<http://example.org/lungCancer/shapes/Protocol1>,valid,544,8.111602783203125
<http://example.org/lungCancer/shapes/Protocol1>,valid,415,8.111602783203125
<http://example.org/lungCancer/shapes/Protocol1>,valid,816,8.112602949142456
<http://example.org/lungCancer/shapes/Protocol1>,valid,1086,8.113603115081787
<http://example.org/lungCancer/shapes/Protocol1>,valid,662,8.112602949142456
<http://example.org/lungCancer/shapes/Protocol1>,valid,597,8.112602949142456
<http://example.org/lungCancer/shapes/Protocol1>,valid,632,8.112602949142456
<http://example.org/lungCancer/shapes/Protocol1>,valid,677,8.112602949142456
<http://example.org/lungCancer/shapes/Protocol1>,valid,375,8.111602783203125
<http://example.org/lungCancer/shapes/Protocol1>,valid,709,8.112602949142456
<http://example.org/lungCancer/shapes/Protocol1>,valid,707,8.112602949142456
<http://example.org/lungCancer/shapes/Protocol1>,valid,29,8.11060357093811
<http://example.org/lungCancer/shapes/Protocol1>,valid,768,8.112602949142456
<http://example.org/lungCancer/shapes/Protocol1>,valid,964,8.113603115081787
<http://example.org/lungCancer/shapes/Protocol1>,valid,742,8.112602949142456
<http://example.org/lungCancer/shapes/Protocol1>,valid,642,8.112602949142456
<http://example.org/lungCancer/shapes/Protocol1>,valid,448,8.111602783203125
<http://example.org/lungCancer/shapes/Protocol1>,valid,323,8.111602783203125
<http://example.org/lungCancer/shapes/Protocol1>,valid,1119,8.113603115081787
<http://example.org/lungCancer/shapes/Protocol1>,valid,890,8.112602949142456
<http://example.org/lungCancer/shapes/Protocol1>,valid,403,8.111602783203125
<http://example.org/lungCancer/shapes/Protocol1>,valid,1155,8.113603115081787
<http://example.org/lungCancer/shapes/Protocol1>,valid,325,8.111602783203125
<http://example.org/lungCancer/shapes/Protocol1>,valid,356,8.111602783203125
<http://example.org/lungCancer/shapes/Protocol1>,valid,1016,8.113603115081787
<http://example.org/lungCancer/shapes/Protocol1>,valid,798,8.112602949142456
<http://example.org/lungCancer/shapes/Protocol1>,valid,679,8.112602949142456
<http://example.org/lungCancer/shapes/Protocol1>,valid,1052,8.113603115081787
<http://example.org/lungCancer/shapes/Protocol1>,valid,1196,8.113603115081787
<http://example.org/lungCancer/shapes/Protocol1>,valid,372,8.111602783203125
<http://example.org/lungCancer/shapes/Protocol1>,valid,621,8.112602949142456
<http://example.org/lungCancer/shapes/Protocol1>,valid,297,8.111602783203125
<http://example.org/lungCancer/shapes/Protocol1>,valid,1035,8.113603115081787
<http://example.org/lungCancer/shapes/Protocol1>,valid,387,8.111602783203125
<http://example.org/lungCancer/shapes/Protocol1>,valid,1013,8.113603115081787
<http://example.org/lungCancer/shapes/Protocol1>,valid,69,8.11060357093811
<http://example.org/lungCancer/shapes/Protocol1>,valid,1108,8.113603115081787
<http://example.org/lungCancer/shapes/Protocol1>,valid,457,8.111602783203125
<http://example.org/lungCancer/shapes/Protocol1>,valid,299,8.111602783203125
<http://example.org/lungCancer/shapes/Protocol1>,valid,503,8.111602783203125
<http://example.org/lungCancer/shapes/Protocol1>,valid,23,8.11060357093811
<http://example.org/lungCancer/shapes/Protocol1>,valid,1100,8.113603115081787
<http://example.org/lungCancer/shapes/Protocol1>,valid,842,8.112602949142456
<http://example.org/lungCancer/shapes/Protocol1>,valid,134,8.11060357093811
<http://example.org/lungCancer/shapes/Protocol1>,valid,996,8.113603115081787
<http://example.org/lungCancer/shapes/Protocol1>,valid,854,8.112602949142456
<http://example.org/lungCancer/shapes/Protocol1>,valid,1166,8.113603115081787
<http://example.org/lungCancer/shapes/Protocol1>,valid,616,8.112602949142456
<http://example.org/lungCancer/shapes/Protocol1>,valid,566,8.111602783203125
<http://example.org/lungCancer/shapes/Protocol1>,valid,1115,8.113603115081787
<http://example.org/lungCancer/shapes/Protocol1>,valid,627,8.112602949142456
<http://example.org/lungCancer/shapes/Protocol1>,valid,1006,8.113603115081787
<http://example.org/lungCancer/shapes/Protocol1>,valid,92,8.11060357093811
<http://example.org/lungCancer/shapes/Protocol1>,valid,427,8.111602783203125
<http://example.org/lungCancer/shapes/Protocol1>,valid,370,8.111602783203125
<http://example.org/lungCancer/shapes/Protocol1>,valid,175,8.11060357093811
<http://example.org/lungCancer/shapes/Protocol1>,valid,1014,8.113603115081787
<http://example.org/lungCancer/shapes/Protocol1>,valid,1044,8.113603115081787
<http://example.org/lungCancer/shapes/Protocol1>,valid,218,8.11060357093811
<http://example.org/lungCancer/shapes/Protocol1>,valid,586,8.111602783203125
<http://example.org/lungCancer/shapes/Protocol1>,valid,740,8.112602949142456
<http://example.org/lungCancer/shapes/Protocol1>,valid,1176,8.113603115081787
<http://example.org/lungCancer/shapes/Protocol1>,valid,463,8.111602783203125
<http://example.org/lungCancer/shapes/Protocol1>,valid,1061,8.113603115081787
<http://example.org/lungCancer/shapes/Protocol1>,valid,689,8.112602949142456
<http://example.org/lungCancer/shapes/Protocol1>,valid,685,8.112602949142456
<http://example.org/lungCancer/shapes/Protocol1>,violated,2,8.11060357093811
<http://example.org/lungCancer/shapes/Protocol1>,valid,637,8.112602949142456
<http://example.org/lungCancer/shapes/Protocol1>,valid,680,8.112602949142456
<http://example.org/lungCancer/shapes/Protocol1>,valid,1172,8.113603115081787
<http://example.org/lungCancer/shapes/Protocol1>,valid,223,8.11060357093811
<http://example.org/lungCancer/shapes/Protocol1>,valid,296,8.111602783203125
<http://example.org/lungCancer/shapes/Protocol1>,valid,576,8.111602783203125
<http://example.org/lungCancer/shapes/Protocol1>,valid,796,8.112602949142456
<http://example.org/lungCancer/shapes/Protocol1>,valid,300,8.111602783203125
<http://example.org/lungCancer/shapes/Protocol1>,valid,165,8.11060357093811
<http://example.org/lungCancer/shapes/Protocol1>,valid,157,8.11060357093811
<http://example.org/lungCancer/shapes/Protocol1>,valid,1040,8.113603115081787
<http://example.org/lungCancer/shapes/Protocol1>,valid,1120,8.113603115081787
<http://example.org/lungCancer/shapes/Protocol1>,valid,640,8.112602949142456
<http://example.org/lungCancer/shapes/Protocol1>,valid,776,8.112602949142456
<http://example.org/lungCancer/shapes/Protocol1>,valid,310,8.111602783203125
<http://example.org/lungCancer/shapes/Protocol1>,valid,844,8.112602949142456
<http://example.org/lungCancer/shapes/Protocol1>,valid,224,8.11060357093811
<http://example.org/lungCancer/shapes/Protocol1>,valid,303,8.111602783203125
<http://example.org/lungCancer/shapes/Protocol1>,valid,795,8.112602949142456
<http://example.org/lungCancer/shapes/Protocol1>,valid,957,8.113603115081787
<http://example.org/lungCancer/shapes/Protocol1>,valid,1121,8.113603115081787
<http://example.org/lungCancer/shapes/Protocol1>,valid,547,8.111602783203125
<http://example.org/lungCancer/shapes/Protocol1>,valid,1160,8.113603115081787
<http://example.org/lungCancer/shapes/Protocol1>,valid,667,8.112602949142456
<http://example.org/lungCancer/shapes/Protocol1>,valid,259,8.11060357093811
<http://example.org/lungCancer/shapes/Protocol1>,valid,1118,8.113603115081787
<http://example.org/lungCancer/shapes/Protocol1>,valid,556,8.111602783203125
<http://example.org/lungCancer/shapes/Protocol1>,valid,633,8.112602949142456
<http://example.org/lungCancer/shapes/Protocol1>,valid,171,8.11060357093811
<http://example.org/lungCancer/shapes/Protocol1>,valid,19,8.11060357093811
<http://example.org/lungCancer/shapes/Protocol1>,valid,782,8.112602949142456
<http://example.org/lungCancer/shapes/Protocol1>,valid,613,8.112602949142456
<http://example.org/lungCancer/shapes/Protocol1>,valid,407,8.111602783203125
<http://example.org/lungCancer/shapes/Protocol1>,valid,150,8.11060357093811
<http://example.org/lungCancer/shapes/Protocol1>,valid,307,8.111602783203125
<http://example.org/lungCancer/shapes/Protocol1>,valid,629,8.112602949142456
<http://example.org/lungCancer/shapes/Protocol1>,valid,1193,8.113603115081787
<http://example.org/lungCancer/shapes/Protocol1>,valid,1129,8.113603115081787
<http://example.org/lungCancer/shapes/Protocol1>,valid,411,8.111602783203125
<http://example.org/lungCancer/shapes/Protocol1>,valid,1073,8.113603115081787
<http://example.org/lungCancer/shapes/Protocol1>,valid,915,8.113603115081787
<http://example.org/lungCancer/shapes/Protocol1>,valid,179,8.11060357093811
<http://example.org/lungCancer/shapes/Protocol1>,valid,295,8.111602783203125
<http://example.org/lungCancer/shapes/Protocol1>,valid,537,8.111602783203125
<http://example.org/lungCancer/shapes/Protocol1>,valid,966,8.113603115081787
<http://example.org/lungCancer/shapes/Protocol1>,valid,785,8.112602949142456
<http://example.org/lungCancer/shapes/Protocol1>,valid,337,8.111602783203125
<http://example.org/lungCancer/shapes/Protocol1>,violated,7,8.11060357093811
<http://example.org/lungCancer/shapes/Protocol1>,valid,809,8.112602949142456
<http://example.org/lungCancer/shapes/Protocol1>,valid,619,8.112602949142456
<http://example.org/lungCancer/shapes/Protocol1>,valid,1045,8.113603115081787
<http://example.org/lungCancer/shapes/Protocol1>,valid,1225,8.114603281021118
<http://example.org/lungCancer/shapes/Protocol1>,valid,762,8.112602949142456
<http://example.org/lungCancer/shapes/Protocol1>,valid,819,8.112602949142456
<http://example.org/lungCancer/shapes/Protocol1>,valid,440,8.111602783203125
<http://example.org/lungCancer/shapes/Protocol1>,valid,184,8.11060357093811
<http://example.org/lungCancer/shapes/Protocol1>,valid,1217,8.114603281021118
<http://example.org/lungCancer/shapes/Protocol1>,valid,704,8.112602949142456
<http://example.org/lungCancer/shapes/Protocol1>,valid,38,8.11060357093811
<http://example.org/lungCancer/shapes/Protocol1>,valid,120,8.11060357093811
<http://example.org/lungCancer/shapes/Protocol1>,valid,1079,8.113603115081787
<http://example.org/lungCancer/shapes/Protocol1>,valid,158,8.11060357093811
<http://example.org/lungCancer/shapes/Protocol1>,valid,334,8.111602783203125
<http://example.org/lungCancer/shapes/Protocol1>,valid,513,8.111602783203125
<http://example.org/lungCancer/shapes/Protocol1>,valid,1241,8.114603281021118
<http://example.org/lungCancer/shapes/Protocol1>,valid,204,8.11060357093811
<http://example.org/lungCancer/shapes/Protocol1>,valid,423,8.111602783203125
<http://example.org/lungCancer/shapes/Protocol1>,valid,16,8.11060357093811
<http://example.org/lungCancer/shapes/Protocol1>,valid,26,8.11060357093811
<http://example.org/lungCancer/shapes/Protocol1>,valid,1152,8.113603115081787
<http://example.org/lungCancer/shapes/Protocol1>,valid,420,8.111602783203125
<http://example.org/lungCancer/shapes/Protocol1>,valid,65,8.11060357093811
<http://example.org/lungCancer/shapes/Protocol1>,valid,910,8.113603115081787
<http://example.org/lungCancer/shapes/Protocol1>,valid,140,8.11060357093811
<http://example.org/lungCancer/shapes/Protocol1>,valid,810,8.112602949142456
<http://example.org/lungCancer/shapes/Protocol1>,valid,81,8.11060357093811
<http://example.org/lungCancer/shapes/Protocol1>,valid,555,8.111602783203125
<http://example.org/lungCancer/shapes/Protocol1>,valid,343,8.111602783203125
<http://example.org/lungCancer/shapes/Protocol1>,valid,94,8.11060357093811
<http://example.org/lungCancer/shapes/Protocol1>,valid,1036,8.113603115081787
<http://example.org/lungCancer/shapes/Protocol1>,valid,1200,8.113603115081787
<http://example.org/lungCancer/shapes/Protocol1>,valid,769,8.112602949142456
<http://example.org/lungCancer/shapes/Protocol1>,valid,634,8.112602949142456
<http://example.org/lungCancer/shapes/Protocol1>,valid,248,8.11060357093811
<http://example.org/lungCancer/shapes/Protocol1>,valid,20,8.11060357093811
<http://example.org/lungCancer/shapes/Protocol1>,valid,538,8.111602783203125
<http://example.org/lungCancer/shapes/Protocol1>,valid,727,8.112602949142456
<http://example.org/lungCancer/shapes/Protocol1>,valid,954,8.113603115081787
<http://example.org/lungCancer/shapes/Protocol1>,valid,418,8.111602783203125
<http://example.org/lungCancer/shapes/Protocol1>,valid,997,8.113603115081787
<http://example.org/lungCancer/shapes/Protocol1>,valid,1163,8.113603115081787
<http://example.org/lungCancer/shapes/Protocol1>,valid,852,8.112602949142456
<http://example.org/lungCancer/shapes/Protocol1>,valid,713,8.112602949142456
<http://example.org/lungCancer/shapes/Protocol1>,valid,196,8.11060357093811
<http://example.org/lungCancer/shapes/Protocol1>,valid,163,8.11060357093811
<http://example.org/lungCancer/shapes/Protocol1>,valid,329,8.111602783203125
<http://example.org/lungCancer/shapes/Protocol1>,valid,605,8.112602949142456
<http://example.org/lungCancer/shapes/Protocol1>,valid,914,8.113603115081787
<http://example.org/lungCancer/shapes/Protocol1>,valid,348,8.111602783203125
<http://example.org/lungCancer/shapes/Protocol1>,valid,1142,8.113603115081787
<http://example.org/lungCancer/shapes/Protocol1>,violated,14,8.11060357093811
<http://example.org/lungCancer/shapes/Protocol1>,valid,292,8.111602783203125
<http://example.org/lungCancer/shapes/Protocol1>,valid,99,8.11060357093811
<http://example.org/lungCancer/shapes/Protocol1>,valid,43,8.11060357093811
<http://example.org/lungCancer/shapes/Protocol1>,valid,949,8.113603115081787
<http://example.org/lungCancer/shapes/Protocol1>,valid,990,8.113603115081787
<http://example.org/lungCancer/shapes/Protocol1>,valid,251,8.11060357093811
<http://example.org/lungCancer/shapes/Protocol1>,valid,573,8.111602783203125
<http://example.org/lungCancer/shapes/Protocol1>,valid,658,8.112602949142456
<http://example.org/lungCancer/shapes/Protocol1>,valid,50,8.11060357093811
<http://example.org/lungCancer/shapes/Protocol1>,valid,563,8.111602783203125
<http://example.org/lungCancer/shapes/Protocol1>,valid,143,8.11060357093811
<http://example.org/lungCancer/shapes/Protocol1>,valid,456,8.111602783203125
<http://example.org/lungCancer/shapes/Protocol1>,valid,213,8.11060357093811
<http://example.org/lungCancer/shapes/Protocol1>,valid,1220,8.114603281021118
<http://example.org/lungCancer/shapes/Protocol1>,valid,772,8.112602949142456
<http://example.org/lungCancer/shapes/Protocol1>,valid,1224,8.114603281021118
<http://example.org/lungCancer/shapes/Protocol1>,valid,246,8.11060357093811
<http://example.org/lungCancer/shapes/Protocol1>,valid,135,8.11060357093811
<http://example.org/lungCancer/shapes/Protocol1>,valid,77,8.11060357093811
<http://example.org/lungCancer/shapes/Protocol1>,valid,508,8.111602783203125
<http://example.org/lungCancer/shapes/Protocol1>,valid,1132,8.113603115081787
<http://example.org/lungCancer/shapes/Protocol1>,valid,987,8.113603115081787
<http://example.org/lungCancer/shapes/Protocol1>,valid,149,8.11060357093811
<http://example.org/lungCancer/shapes/Protocol1>,valid,322,8.111602783203125
<http://example.org/lungCancer/shapes/Protocol1>,valid,468,8.111602783203125
<http://example.org/lungCancer/shapes/Protocol1>,valid,1199,8.113603115081787
<http://example.org/lungCancer/shapes/Protocol1>,valid,676,8.112602949142456
<http://example.org/lungCancer/shapes/Protocol1>,valid,1145,8.113603115081787
<http://example.org/lungCancer/shapes/Protocol1>,valid,462,8.111602783203125
<http://example.org/lungCancer/shapes/Protocol1>,valid,1232,8.114603281021118
<http://example.org/lungCancer/shapes/Protocol1>,violated,9,8.11060357093811
<http://example.org/lungCancer/shapes/Protocol1>,valid,960,8.113603115081787
<http://example.org/lungCancer/shapes/Protocol1>,valid,1202,8.113603115081787
<http://example.org/lungCancer/shapes/Protocol1>,valid,469,8.111602783203125
<http://example.org/lungCancer/shapes/Protocol1>,valid,49,8.11060357093811
<http://example.org/lungCancer/shapes/Protocol1>,valid,42,8.11060357093811
<http://example.org/lungCancer/shapes/Protocol1>,valid,862,8.112602949142456
<http://example.org/lungCancer/shapes/Protocol1>,valid,1046,8.113603115081787
<http://example.org/lungCancer/shapes/Protocol1>,valid,133,8.11060357093811
<http://example.org/lungCancer/shapes/Protocol1>,valid,364,8.111602783203125
<http://example.org/lungCancer/shapes/Protocol1>,valid,701,8.112602949142456
<http://example.org/lungCancer/shapes/Protocol1>,valid,317,8.111602783203125
<http://example.org/lungCancer/shapes/Protocol1>,valid,464,8.111602783203125
<http://example.org/lungCancer/shapes/Protocol1>,valid,614,8.112602949142456
<http://example.org/lungCancer/shapes/Protocol1>,valid,821,8.112602949142456
<http://example.org/lungCancer/shapes/Protocol1>,valid,1205,8.113603115081787
<http://example.org/lungCancer/shapes/Protocol1>,valid,806,8.112602949142456
<http://example.org/lungCancer/shapes/Protocol1>,valid,470,8.111602783203125
<http://example.org/lungCancer/shapes/Protocol1>,valid,678,8.112602949142456
<http://example.org/lungCancer/shapes/Protocol1>,valid,1039,8.113603115081787
<http://example.org/lungCancer/shapes/Protocol1>,valid,1027,8.113603115081787
<http://example.org/lungCancer/shapes/Protocol1>,valid,1067,8.113603115081787
<http://example.org/lungCancer/shapes/Protocol1>,valid,1017,8.113603115081787
<http://example.org/lungCancer/shapes/Protocol1>,valid,460,8.111602783203125
<http://example.org/lungCancer/shapes/Protocol1>,valid,1175,8.113603115081787
<http://example.org/lungCancer/shapes/Protocol1>,valid,421,8.111602783203125
<http://example.org/lungCancer/shapes/Protocol1>,valid,208,8.11060357093811
<http://example.org/lungCancer/shapes/Protocol1>,valid,602,8.112602949142456
<http://example.org/lungCancer/shapes/Protocol1>,valid,458,8.111602783203125
<http://example.org/lungCancer/shapes/Protocol1>,valid,262,8.11060357093811
<http://example.org/lungCancer/shapes/Protocol1>,valid,247,8.11060357093811
<http://example.org/lungCancer/shapes/Protocol1>,valid,698,8.112602949142456
<http://example.org/lungCancer/shapes/Protocol1>,valid,992,8.113603115081787
<http://example.org/lungCancer/shapes/Protocol1>,valid,539,8.111602783203125
<http://example.org/lungCancer/shapes/Protocol1>,valid,105,8.11060357093811
<http://example.org/lungCancer/shapes/Protocol1>,valid,483,8.111602783203125
<http://example.org/lungCancer/shapes/Protocol1>,valid,1004,8.113603115081787
<http://example.org/lungCancer/shapes/Protocol1>,valid,625,8.112602949142456
<http://example.org/lungCancer/shapes/Protocol1>,valid,845,8.112602949142456
<http://example.org/lungCancer/shapes/Protocol1>,valid,145,8.11060357093811
<http://example.org/lungCancer/shapes/Protocol1>,valid,588,8.112602949142456
<http://example.org/lungCancer/shapes/Protocol1>,valid,1087,8.113603115081787
<http://example.org/lungCancer/shapes/Protocol1>,valid,316,8.111602783203125
<http://example.org/lungCancer/shapes/Protocol1>,valid,1018,8.113603115081787
<http://example.org/lungCancer/shapes/Protocol1>,valid,1235,8.114603281021118
<http://example.org/lungCancer/shapes/Protocol1>,valid,783,8.112602949142456
<http://example.org/lungCancer/shapes/Protocol1>,valid,1081,8.113603115081787
<http://example.org/lungCancer/shapes/Protocol1>,valid,534,8.111602783203125
<http://example.org/lungCancer/shapes/Protocol1>,valid,598,8.112602949142456
<http://example.org/lungCancer/shapes/Protocol1>,valid,1066,8.113603115081787
<http://example.org/lungCancer/shapes/Protocol1>,valid,728,8.112602949142456
<http://example.org/lungCancer/shapes/Protocol1>,valid,912,8.113603115081787
<http://example.org/lungCancer/shapes/Protocol1>,valid,441,8.111602783203125
<http://example.org/lungCancer/shapes/Protocol1>,valid,335,8.111602783203125
<http://example.org/lungCancer/shapes/Protocol1>,valid,1117,8.113603115081787
<http://example.org/lungCancer/shapes/Protocol1>,valid,471,8.111602783203125
<http://example.org/lungCancer/shapes/Protocol1>,valid,395,8.111602783203125
<http://example.org/lungCancer/shapes/Protocol1>,valid,683,8.112602949142456
<http://example.org/lungCancer/shapes/Protocol1>,valid,205,8.11060357093811
<http://example.org/lungCancer/shapes/Protocol1>,valid,254,8.11060357093811
<http://example.org/lungCancer/shapes/Protocol1>,valid,339,8.111602783203125
<http://example.org/lungCancer/shapes/Protocol1>,valid,180,8.11060357093811
<http://example.org/lungCancer/shapes/Protocol1>,valid,231,8.11060357093811
<http://example.org/lungCancer/shapes/Protocol1>,valid,840,8.112602949142456
<http://example.org/lungCancer/shapes/Protocol1>,valid,222,8.11060357093811
<http://example.org/lungCancer/shapes/Protocol1>,valid,261,8.11060357093811
<http://example.org/lungCancer/shapes/Protocol1>,valid,410,8.111602783203125
<http://example.org/lungCancer/shapes/Protocol1>,valid,112,8.11060357093811
<http://example.org/lungCancer/shapes/Protocol1>,valid,161,8.11060357093811
<http://example.org/lungCancer/shapes/Protocol1>,valid,27,8.11060357093811
<http://example.org/lungCancer/shapes/Protocol1>,valid,829,8.112602949142456
<http://example.org/lungCancer/shapes/Protocol1>,valid,1186,8.113603115081787
<http://example.org/lungCancer/shapes/Protocol1>,valid,569,8.111602783203125
<http://example.org/lungCancer/shapes/Protocol1>,valid,33,8.11060357093811
<http://example.org/lungCancer/shapes/Protocol1>,valid,377,8.111602783203125
<http://example.org/lungCancer/shapes/Protocol1>,valid,1116,8.113603115081787
<http://example.org/lungCancer/shapes/Protocol1>,valid,212,8.11060357093811
<http://example.org/lungCancer/shapes/Protocol1>,valid,354,8.111602783203125
<http://example.org/lungCancer/shapes/Protocol1>,valid,1060,8.113603115081787
<http://example.org/lungCancer/shapes/Protocol1>,valid,920,8.113603115081787
<http://example.org/lungCancer/shapes/Protocol1>,valid,763,8.112602949142456
<http://example.org/lungCancer/shapes/Protocol1>,valid,242,8.11060357093811
<http://example.org/lungCancer/shapes/Protocol1>,valid,661,8.112602949142456
<http://example.org/lungCancer/shapes/Protocol1>,valid,21,8.11060357093811
<http://example.org/lungCancer/shapes/Protocol1>,valid,778,8.112602949142456
<http://example.org/lungCancer/shapes/Protocol1>,valid,865,8.112602949142456
<http://example.org/lungCancer/shapes/Protocol1>,valid,243,8.11060357093811
<http://example.org/lungCancer/shapes/Protocol1>,valid,1183,8.113603115081787
<http://example.org/lungCancer/shapes/Protocol1>,valid,128,8.11060357093811
<http://example.org/lungCancer/shapes/Protocol1>,valid,745,8.112602949142456
<http://example.org/lungCancer/shapes/Protocol1>,valid,114,8.11060357093811
<http://example.org/lungCancer/shapes/Protocol1>,valid,34,8.11060357093811
<http://example.org/lungCancer/shapes/Protocol1>,valid,583,8.111602783203125
<http://example.org/lungCancer/shapes/Protocol1>,valid,687,8.112602949142456
<http://example.org/lungCancer/shapes/Protocol1>,valid,75,8.11060357093811
<http://example.org/lungCancer/shapes/Protocol1>,valid,59,8.11060357093811
<http://example.org/lungCancer/shapes/Protocol1>,valid,394,8.111602783203125
<http://example.org/lungCancer/shapes/Protocol1>,valid,101,8.11060357093811
<http://example.org/lungCancer/shapes/Protocol1>,valid,1038,8.113603115081787
<http://example.org/lungCancer/shapes/Protocol1>,valid,793,8.112602949142456
<http://example.org/lungCancer/shapes/Protocol1>,valid,860,8.112602949142456
<http://example.org/lungCancer/shapes/Protocol1>,valid,871,8.112602949142456
<http://example.org/lungCancer/shapes/Protocol1>,valid,984,8.113603115081787
<http://example.org/lungCancer/shapes/Protocol1>,valid,999,8.113603115081787
<http://example.org/lungCancer/shapes/Protocol1>,valid,385,8.111602783203125
<http://example.org/lungCancer/shapes/Protocol1>,valid,1208,8.113603115081787
<http://example.org/lungCancer/shapes/Protocol1>,valid,272,8.11060357093811
<http://example.org/lungCancer/shapes/Protocol1>,valid,843,8.112602949142456
<http://example.org/lungCancer/shapes/Protocol1>,valid,409,8.111602783203125
<http://example.org/lungCancer/shapes/Protocol1>,valid,944,8.113603115081787
<http://example.org/lungCancer/shapes/Protocol1>,valid,174,8.11060357093811
<http://example.org/lungCancer/shapes/Protocol1>,valid,788,8.112602949142456
<http://example.org/lungCancer/shapes/Protocol1>,valid,722,8.112602949142456
<http://example.org/lungCancer/shapes/Protocol1>,valid,1093,8.113603115081787
<http://example.org/lungCancer/shapes/Protocol1>,valid,955,8.113603115081787
<http://example.org/lungCancer/shapes/Protocol1>,valid,473,8.111602783203125
<http://example.org/lungCancer/shapes/Protocol1>,valid,1094,8.113603115081787
<http://example.org/lungCancer/shapes/Protocol1>,valid,1042,8.113603115081787
<http://example.org/lungCancer/shapes/Protocol1>,valid,869,8.112602949142456
<http://example.org/lungCancer/shapes/Protocol1>,valid,326,8.111602783203125
<http://example.org/lungCancer/shapes/Protocol1>,valid,974,8.113603115081787
<http://example.org/lungCancer/shapes/Protocol1>,valid,454,8.111602783203125
<http://example.org/lungCancer/shapes/Protocol1>,valid,404,8.111602783203125
<http://example.org/lungCancer/shapes/Protocol1>,valid,781,8.112602949142456
<http://example.org/lungCancer/shapes/Protocol1>,valid,626,8.112602949142456
<http://example.org/lungCancer/shapes/Protocol1>,valid,736,8.112602949142456
<http://example.org/lungCancer/shapes/Protocol1>,valid,220,8.11060357093811
<http://example.org/lungCancer/shapes/Protocol1>,valid,639,8.112602949142456
<http://example.org/lungCancer/shapes/Protocol1>,valid,219,8.11060357093811
<http://example.org/lungCancer/shapes/Protocol1>,valid,801,8.112602949142456
<http://example.org/lungCancer/shapes/Protocol1>,valid,1074,8.113603115081787
<http://example.org/lungCancer/shapes/Protocol1>,valid,283,8.11060357093811
<http://example.org/lungCancer/shapes/Protocol1>,valid,1218,8.114603281021118
<http://example.org/lungCancer/shapes/Protocol1>,valid,1230,8.114603281021118
<http://example.org/lungCancer/shapes/Protocol1>,valid,737,8.112602949142456
<http://example.org/lungCancer/shapes/Protocol1>,valid,294,8.111602783203125
<http://example.org/lungCancer/shapes/Protocol1>,valid,1065,8.113603115081787
<http://example.org/lungCancer/shapes/Protocol1>,valid,240,8.11060357093811
<http://example.org/lungCancer/shapes/Protocol1>,valid,855,8.112602949142456
<http://example.org/lungCancer/shapes/Protocol1>,valid,965,8.113603115081787
<http://example.org/lungCancer/shapes/Protocol1>,valid,859,8.112602949142456
<http://example.org/lungCancer/shapes/Protocol1>,valid,967,8.113603115081787
<http://example.org/lungCancer/shapes/Protocol1>,valid,814,8.112602949142456
<http://example.org/lungCancer/shapes/Protocol1>,valid,360,8.111602783203125
<http://example.org/lungCancer/shapes/Protocol1>,valid,882,8.112602949142456
<http://example.org/lungCancer/shapes/Protocol1>,valid,773,8.112602949142456
<http://example.org/lungCancer/shapes/Protocol1>,valid,1189,8.113603115081787
<http://example.org/lungCancer/shapes/Protocol1>,valid,201,8.11060357093811
<http://example.org/lungCancer/shapes/Protocol1>,valid,675,8.112602949142456
<http://example.org/lungCancer/shapes/Protocol1>,valid,66,8.11060357093811
<http://example.org/lungCancer/shapes/Protocol1>,valid,1151,8.113603115081787
<http://example.org/lungCancer/shapes/Protocol1>,valid,1002,8.113603115081787
<http://example.org/lungCancer/shapes/Protocol1>,valid,482,8.111602783203125
<http://example.org/lungCancer/shapes/Protocol1>,valid,298,8.111602783203125
<http://example.org/lungCancer/shapes/Protocol1>,valid,1059,8.113603115081787
<http://example.org/lungCancer/shapes/Protocol1>,valid,1153,8.113603115081787
<http://example.org/lungCancer/shapes/Protocol1>,valid,408,8.111602783203125
<http://example.org/lungCancer/shapes/Protocol1>,valid,301,8.111602783203125
<http://example.org/lungCancer/shapes/Protocol1>,valid,15,8.11060357093811
<http://example.org/lungCancer/shapes/Protocol1>,valid,803,8.112602949142456
<http://example.org/lungCancer/shapes/Protocol1>,valid,861,8.112602949142456
<http://example.org/lungCancer/shapes/Protocol1>,valid,1168,8.113603115081787
<http://example.org/lungCancer/shapes/Protocol1>,valid,156,8.11060357093811
<http://example.org/lungCancer/shapes/Protocol1>,valid,591,8.112602949142456
<http://example.org/lungCancer/shapes/Protocol1>,valid,578,8.111602783203125
<http://example.org/lungCancer/shapes/Protocol1>,valid,998,8.113603115081787
<http://example.org/lungCancer/shapes/Protocol1>,valid,1090,8.113603115081787
<http://example.org/lungCancer/shapes/Protocol1>,valid,546,8.111602783203125
<http://example.org/lungCancer/shapes/Protocol1>,valid,1227,8.114603281021118
<http://example.org/lungCancer/shapes/Protocol1>,valid,559,8.111602783203125
<http://example.org/lungCancer/shapes/Protocol1>,valid,123,8.11060357093811
<http://example.org/lungCancer/shapes/Protocol1>,valid,911,8.113603115081787
<http://example.org/lungCancer/shapes/Protocol1>,valid,1201,8.113603115081787
<http://example.org/lungCancer/shapes/Protocol1>,valid,1095,8.113603115081787
<http://example.org/lungCancer/shapes/Protocol1>,valid,1209,8.113603115081787
<http://example.org/lungCancer/shapes/Protocol1>,valid,160,8.11060357093811
<http://example.org/lungCancer/shapes/Protocol1>,valid,1161,8.113603115081787
<http://example.org/lungCancer/shapes/Protocol1>,valid,115,8.11060357093811
<http://example.org/lungCancer/shapes/Protocol1>,valid,696,8.112602949142456
<http://example.org/lungCancer/shapes/Protocol1>,valid,933,8.113603115081787
<http://example.org/lungCancer/shapes/Protocol1>,valid,358,8.111602783203125
<http://example.org/lungCancer/shapes/Protocol1>,valid,564,8.111602783203125
<http://example.org/lungCancer/shapes/Protocol1>,valid,25,8.11060357093811
<http://example.org/lungCancer/shapes/Protocol1>,valid,921,8.113603115081787
<http://example.org/lungCancer/shapes/Protocol1>,valid,155,8.11060357093811
<http://example.org/lungCancer/shapes/Protocol1>,valid,74,8.11060357093811
<http://example.org/lungCancer/shapes/Protocol1>,valid,903,8.113603115081787
<http://example.org/lungCancer/shapes/Protocol1>,valid,526,8.111602783203125
<http://example.org/lungCancer/shapes/Protocol1>,valid,257,8.11060357093811
<http://example.org/lungCancer/shapes/Protocol1>,valid,176,8.11060357093811
<http://example.org/lungCancer/shapes/Protocol1>,valid,582,8.111602783203125
<http://example.org/lungCancer/shapes/Protocol1>,valid,550,8.111602783203125
<http://example.org/lungCancer/shapes/Protocol1>,valid,761,8.112602949142456
<http://example.org/lungCancer/shapes/Protocol1>,valid,107,8.11060357093811
<http://example.org/lungCancer/shapes/Protocol1>,valid,338,8.111602783203125
<http://example.org/lungCancer/shapes/Protocol1>,valid,733,8.112602949142456
<http://example.org/lungCancer/shapes/Protocol1>,valid,647,8.112602949142456
<http://example.org/lungCancer/shapes/Protocol1>,valid,402,8.111602783203125
<http://example.org/lungCancer/shapes/Protocol1>,valid,553,8.111602783203125
<http://example.org/lungCancer/shapes/Protocol1>,valid,646,8.112602949142456
<http://example.org/lungCancer/shapes/Protocol1>,valid,191,8.11060357093811
<http://example.org/lungCancer/shapes/Protocol1>,valid,623,8.112602949142456
<http://example.org/lungCancer/shapes/Protocol1>,valid,749,8.112602949142456
<http://example.org/lungCancer/shapes/Protocol1>,valid,542,8.111602783203125
<http://example.org/lungCancer/shapes/Protocol1>,valid,391,8.111602783203125
<http://example.org/lungCancer/shapes/Protocol1>,valid,735,8.112602949142456
<http://example.org/lungCancer/shapes/Protocol1>,valid,481,8.111602783203125
<http://example.org/lungCancer/shapes/Protocol1>,valid,864,8.112602949142456
<http://example.org/lungCancer/shapes/Protocol1>,valid,398,8.111602783203125
<http://example.org/lungCancer/shapes/Protocol1>,valid,82,8.11060357093811
<http://example.org/lungCancer/shapes/Protocol1>,valid,172,8.11060357093811
<http://example.org/lungCancer/shapes/Protocol1>,valid,896,8.112602949142456
<http://example.org/lungCancer/shapes/Protocol1>,valid,200,8.11060357093811
<http://example.org/lungCancer/shapes/Protocol1>,valid,1062,8.113603115081787
<http://example.org/lungCancer/shapes/Protocol1>,valid,705,8.112602949142456
<http://example.org/lungCancer/shapes/Protocol1>,valid,712,8.112602949142456
<http://example.org/lungCancer/shapes/Protocol1>,valid,1148,8.113603115081787
<http://example.org/lungCancer/shapes/Protocol1>,valid,22,8.11060357093811
<http://example.org/lungCancer/shapes/Protocol1>,valid,250,8.11060357093811
<http://example.org/lungCancer/shapes/Protocol1>,valid,1078,8.113603115081787
<http://example.org/lungCancer/shapes/Protocol1>,valid,302,8.111602783203125
<http://example.org/lungCancer/shapes/Protocol1>,valid,753,8.112602949142456
<http://example.org/lungCancer/shapes/Protocol1>,valid,791,8.112602949142456
<http://example.org/lungCancer/shapes/Protocol1>,valid,823,8.112602949142456
<http://example.org/lungCancer/shapes/Protocol1>,valid,939,8.113603115081787
<http://example.org/lungCancer/shapes/Protocol1>,valid,941,8.113603115081787
<http://example.org/lungCancer/shapes/Protocol1>,valid,273,8.11060357093811
<http://example.org/lungCancer/shapes/Protocol1>,valid,657,8.112602949142456
<http://example.org/lungCancer/shapes/Protocol1>,valid,994,8.113603115081787
<http://example.org/lungCancer/shapes/Protocol1>,violated,8,8.11060357093811
<http://example.org/lungCancer/shapes/Protocol1>,valid,416,8.111602783203125
<http://example.org/lungCancer/shapes/Protocol1>,valid,780,8.112602949142456
<http://example.org/lungCancer/shapes/Protocol1>,valid,989,8.113603115081787
<http://example.org/lungCancer/shapes/Protocol1>,valid,474,8.111602783203125
<http://example.org/lungCancer/shapes/Protocol1>,valid,1179,8.113603115081787
<http://example.org/lungCancer/shapes/Protocol1>,violated,12,8.11060357093811
<http://example.org/lungCancer/shapes/Protocol1>,valid,1032,8.113603115081787
<http://example.org/lungCancer/shapes/Protocol1>,valid,825,8.112602949142456
<http://example.org/lungCancer/shapes/Protocol1>,valid,332,8.111602783203125
<http://example.org/lungCancer/shapes/Protocol1>,valid,969,8.113603115081787
<http://example.org/lungCancer/shapes/Protocol1>,valid,893,8.112602949142456
<http://example.org/lungCancer/shapes/Protocol1>,valid,533,8.111602783203125
<http://example.org/lungCancer/shapes/Protocol1>,valid,122,8.11060357093811
<http://example.org/lungCancer/shapes/Protocol1>,valid,1103,8.113603115081787
<http://example.org/lungCancer/shapes/Protocol1>,valid,384,8.111602783203125
<http://example.org/lungCancer/shapes/Protocol1>,valid,475,8.111602783203125
<http://example.org/lungCancer/shapes/Protocol1>,valid,280,8.11060357093811
<http://example.org/lungCancer/shapes/Protocol1>,valid,386,8.111602783203125
<http://example.org/lungCancer/shapes/Protocol1>,valid,397,8.111602783203125
<http://example.org/lungCancer/shapes/Protocol1>,violated,13,8.11060357093811
<http://example.org/lungCancer/shapes/Protocol1>,valid,382,8.111602783203125
<http://example.org/lungCancer/shapes/Protocol1>,valid,55,8.11060357093811
<http://example.org/lungCancer/shapes/Protocol1>,valid,381,8.111602783203125
<http://example.org/lungCancer/shapes/Protocol1>,valid,497,8.111602783203125
<http://example.org/lungCancer/shapes/Protocol1>,valid,181,8.11060357093811
<http://example.org/lungCancer/shapes/Protocol1>,valid,35,8.11060357093811
<http://example.org/lungCancer/shapes/Protocol1>,valid,284,8.11060357093811
<http://example.org/lungCancer/shapes/Protocol1>,valid,1126,8.113603115081787
<http://example.org/lungCancer/shapes/Protocol1>,valid,1174,8.113603115081787
<http://example.org/lungCancer/shapes/Protocol1>,valid,355,8.111602783203125
<http://example.org/lungCancer/shapes/Protocol1>,valid,388,8.111602783203125
<http://example.org/lungCancer/shapes/Protocol1>,valid,812,8.112602949142456
<http://example.org/lungCancer/shapes/Protocol1>,valid,1105,8.113603115081787
<http://example.org/lungCancer/shapes/Protocol1>,valid,603,8.112602949142456
<http://example.org/lungCancer/shapes/Protocol1>,valid,228,8.11060357093811
<http://example.org/lungCancer/shapes/Protocol1>,valid,512,8.111602783203125
<http://example.org/lungCancer/shapes/Protocol1>,valid,1071,8.113603115081787
<http://example.org/lungCancer/shapes/Protocol1>,valid,1102,8.113603115081787
<http://example.org/lungCancer/shapes/Protocol1>,valid,902,8.113603115081787
<http://example.org/lungCancer/shapes/Protocol1>,valid,666,8.112602949142456
<http://example.org/lungCancer/shapes/Protocol1>,valid,234,8.11060357093811
<http://example.org/lungCancer/shapes/Protocol1>,valid,1097,8.113603115081787
<http://example.org/lungCancer/shapes/Protocol1>,valid,53,8.11060357093811
<http://example.org/lungCancer/shapes/Protocol1>,valid,930,8.113603115081787
<http://example.org/lungCancer/shapes/Protocol1>,valid,841,8.112602949142456
<http://example.org/lungCancer/shapes/Protocol1>,valid,159,8.11060357093811
<http://example.org/lungCancer/shapes/Protocol1>,valid,1050,8.113603115081787
<http://example.org/lungCancer/shapes/Protocol1>,valid,125,8.11060357093811
<http://example.org/lungCancer/shapes/Protocol1>,valid,770,8.112602949142456
<http://example.org/lungCancer/shapes/Protocol1>,valid,207,8.11060357093811
<http://example.org/lungCancer/shapes/Protocol1>,valid,1089,8.113603115081787
<http://example.org/lungCancer/shapes/Protocol1>,valid,638,8.112602949142456
<http://example.org/lungCancer/shapes/Protocol1>,valid,593,8.112602949142456
<http://example.org/lungCancer/shapes/Protocol1>,valid,988,8.113603115081787
<http://example.org/lungCancer/shapes/Protocol1>,valid,739,8.112602949142456
<http://example.org/lungCancer/shapes/Protocol1>,valid,787,8.112602949142456
<http://example.org/lungCancer/shapes/Protocol1>,valid,288,8.11060357093811
<http://example.org/lungCancer/shapes/Protocol1>,valid,692,8.112602949142456
<http://example.org/lungCancer/shapes/Protocol1>,valid,314,8.111602783203125
<http://example.org/lungCancer/shapes/Protocol1>,valid,76,8.11060357093811
<http://example.org/lungCancer/shapes/Protocol1>,valid,828,8.112602949142456
<http://example.org/lungCancer/shapes/Protocol1>,valid,1000,8.113603115081787
<http://example.org/lungCancer/shapes/Protocol1>,valid,1015,8.113603115081787
<http://example.org/lungCancer/shapes/Protocol1>,valid,520,8.111602783203125
<http://example.org/lungCancer/shapes/Protocol1>,valid,624,8.112602949142456
<http://example.org/lungCancer/shapes/Protocol1>,valid,488,8.111602783203125
<http://example.org/lungCancer/shapes/Protocol1>,valid,815,8.112602949142456
<http://example.org/lungCancer/shapes/Protocol1>,valid,239,8.11060357093811
<http://example.org/lungCancer/shapes/Protocol1>,valid,168,8.11060357093811
<http://example.org/lungCancer/shapes/Protocol1>,valid,635,8.112602949142456
<http://example.org/lungCancer/shapes/Protocol1>,valid,835,8.112602949142456
<http://example.org/lungCancer/shapes/Protocol1>,valid,1030,8.113603115081787
<http://example.org/lungCancer/shapes/Protocol1>,valid,507,8.111602783203125
<http://example.org/lungCancer/shapes/Protocol1>,valid,153,8.11060357093811
<http://example.org/lungCancer/shapes/Protocol1>,valid,767,8.112602949142456
<http://example.org/lungCancer/shapes/Protocol1>,valid,919,8.113603115081787
<http://example.org/lungCancer/shapes/Protocol1>,valid,663,8.112602949142456
<http://example.org/lungCancer/shapes/Protocol1>,valid,811,8.112602949142456
<http://example.org/lungCancer/shapes/Protocol1>,valid,764,8.112602949142456
<http://example.org/lungCancer/shapes/Protocol1>,valid,1237,8.114603281021118
<http://example.org/lungCancer/shapes/Protocol1>,valid,950,8.113603115081787
<http://example.org/lungCancer/shapes/Protocol1>,valid,132,8.11060357093811
<http://example.org/lungCancer/shapes/Protocol1>,valid,193,8.11060357093811
<http://example.org/lungCancer/shapes/Protocol1>,valid,1083,8.113603115081787
<http://example.org/lungCancer/shapes/Protocol1>,valid,367,8.111602783203125
<http://example.org/lungCancer/shapes/Protocol1>,violated,3,8.11060357093811
<http://example.org/lungCancer/shapes/Protocol1>,valid,886,8.112602949142456
<http://example.org/lungCancer/shapes/Protocol1>,valid,485,8.111602783203125
<http://example.org/lungCancer/shapes/Protocol1>,valid,765,8.112602949142456
<http://example.org/lungCancer/shapes/Protocol1>,violated,5,8.11060357093811
<http://example.org/lungCancer/shapes/Protocol1>,valid,824,8.112602949142456
<http://example.org/lungCancer/shapes/Protocol1>,valid,976,8.113603115081787
<http://example.org/lungCancer/shapes/Protocol1>,valid,419,8.111602783203125
<http://example.org/lungCancer/shapes/Protocol1>,valid,590,8.112602949142456
<http://example.org/lungCancer/shapes/Protocol1>,valid,1001,8.113603115081787
<http://example.org/lungCancer/shapes/Protocol1>,valid,1056,8.113603115081787
<http://example.org/lungCancer/shapes/Protocol1>,valid,362,8.111602783203125
<http://example.org/lungCancer/shapes/Protocol1>,valid,1048,8.113603115081787
<http://example.org/lungCancer/shapes/Protocol1>,valid,336,8.111602783203125
<http://example.org/lungCancer/shapes/Protocol1>,valid,830,8.112602949142456
<http://example.org/lungCancer/shapes/Protocol1>,valid,1007,8.113603115081787
<http://example.org/lungCancer/shapes/Protocol1>,valid,744,8.112602949142456
<http://example.org/lungCancer/shapes/Protocol1>,valid,311,8.111602783203125
<http://example.org/lungCancer/shapes/Protocol1>,valid,1138,8.113603115081787
<http://example.org/lungCancer/shapes/Protocol1>,valid,1106,8.113603115081787
<http://example.org/lungCancer/shapes/Protocol1>,valid,489,8.111602783203125
<http://example.org/lungCancer/shapes/Protocol1>,valid,461,8.111602783203125
<http://example.org/lungCancer/shapes/Protocol1>,valid,923,8.113603115081787
<http://example.org/lungCancer/shapes/Protocol1>,valid,496,8.111602783203125
<http://example.org/lungCancer/shapes/Protocol1>,valid,118,8.11060357093811
<http://example.org/lungCancer/shapes/Protocol1>,valid,645,8.112602949142456
<http://example.org/lungCancer/shapes/Protocol1>,valid,684,8.112602949142456
<http://example.org/lungCancer/shapes/Protocol1>,valid,706,8.112602949142456
<http://example.org/lungCancer/shapes/Protocol1>,valid,1098,8.113603115081787
<http://example.org/lungCancer/shapes/Protocol1>,valid,467,8.111602783203125
<http://example.org/lungCancer/shapes/Protocol1>,valid,1203,8.113603115081787
<http://example.org/lungCancer/shapes/Protocol1>,valid,802,8.112602949142456
<http://example.org/lungCancer/shapes/Protocol1>,valid,1146,8.113603115081787
<http://example.org/lungCancer/shapes/Protocol1>,valid,834,8.112602949142456
<http://example.org/lungCancer/shapes/Protocol1>,valid,925,8.113603115081787
<http://example.org/lungCancer/shapes/Protocol1>,valid,241,8.11060357093811
<http://example.org/lungCancer/shapes/Protocol1>,valid,502,8.111602783203125
<http://example.org/lungCancer/shapes/Protocol1>,valid,587,8.112602949142456
<http://example.org/lungCancer/shapes/Protocol1>,valid,516,8.111602783203125
<http://example.org/lungCancer/shapes/Protocol1>,valid,697,8.112602949142456
<http://example.org/lungCancer/shapes/Protocol1>,valid,734,8.112602949142456
<http://example.org/lungCancer/shapes/Protocol1>,valid,867,8.112602949142456
<http://example.org/lungCancer/shapes/Protocol1>,valid,579,8.111602783203125
<http://example.org/lungCancer/shapes/Protocol1>,valid,449,8.111602783203125
<http://example.org/lungCancer/shapes/Protocol1>,valid,121,8.11060357093811
<http://example.org/lungCancer/shapes/Protocol1>,valid,595,8.112602949142456
<http://example.org/lungCancer/shapes/Protocol1>,valid,599,8.112602949142456
<http://example.org/lungCancer/shapes/Protocol1>,valid,993,8.113603115081787
<http://example.org/lungCancer/shapes/Protocol1>,valid,1010,8.113603115081787
<http://example.org/lungCancer/shapes/Protocol1>,valid,540,8.111602783203125
<http://example.org/lungCancer/shapes/Protocol1>,valid,1127,8.113603115081787
<http://example.org/lungCancer/shapes/Protocol1>,valid,671,8.112602949142456
<http://example.org/lungCancer/shapes/Protocol1>,valid,226,8.11060357093811
<http://example.org/lungCancer/shapes/Protocol1>,valid,561,8.111602783203125
<http://example.org/lungCancer/shapes/Protocol1>,valid,1180,8.113603115081787
<http://example.org/lungCancer/shapes/Protocol1>,valid,995,8.113603115081787
<http://example.org/lungCancer/shapes/Protocol1>,valid,847,8.112602949142456
<http://example.org/lungCancer/shapes/Protocol1>,valid,863,8.112602949142456
<http://example.org/lungCancer/shapes/Protocol1>,valid,615,8.112602949142456
<http://example.org/lungCancer/shapes/Protocol1>,valid,86,8.11060357093811
<http://example.org/lungCancer/shapes/Protocol1>,valid,187,8.11060357093811
<http://example.org/lungCancer/shapes/Protocol1>,valid,490,8.111602783203125
<http://example.org/lungCancer/shapes/Protocol1>,valid,741,8.112602949142456
<http://example.org/lungCancer/shapes/Protocol1>,valid,491,8.111602783203125
<http://example.org/lungCancer/shapes/Protocol1>,valid,269,8.11060357093811
<http://example.org/lungCancer/shapes/Protocol1>,valid,393,8.111602783203125
<http://example.org/lungCancer/shapes/Protocol1>,valid,173,8.11060357093811
<http://example.org/lungCancer/shapes/Protocol1>,valid,493,8.111602783203125
<http://example.org/lungCancer/shapes/Protocol1>,valid,56,8.11060357093811
<http://example.org/lungCancer/shapes/Protocol1>,valid,630,8.112602949142456
<http://example.org/lungCancer/shapes/Protocol1>,valid,477,8.111602783203125
<http://example.org/lungCancer/shapes/Protocol1>,valid,1101,8.113603115081787
<http://example.org/lungCancer/shapes/Protocol1>,valid,1212,8.114603281021118
<http://example.org/lungCancer/shapes/Protocol1>,valid,291,8.11060357093811
<http://example.org/lungCancer/shapes/Protocol1>,valid,1185,8.113603115081787
<http://example.org/lungCancer/shapes/Protocol1>,valid,531,8.111602783203125
<http://example.org/lungCancer/shapes/Protocol1>,valid,110,8.11060357093811
<http://example.org/lungCancer/shapes/Protocol1>,valid,221,8.11060357093811
<http://example.org/lungCancer/shapes/Protocol1>,valid,708,8.112602949142456
<http://example.org/lungCancer/shapes/Protocol1>,valid,330,8.111602783203125
<http://example.org/lungCancer/shapes/Protocol1>,valid,417,8.111602783203125
<http://example.org/lungCancer/shapes/Protocol1>,valid,977,8.113603115081787
<http://example.org/lungCancer/shapes/Protocol1>,valid,557,8.111602783203125
<http://example.org/lungCancer/shapes/Protocol1>,valid,760,8.112602949142456
<http://example.org/lungCancer/shapes/Protocol1>,valid,817,8.112602949142456
<http://example.org/lungCancer/shapes/Protocol1>,valid,805,8.112602949142456
<http://example.org/lungCancer/shapes/Protocol1>,valid,926,8.113603115081787
<http://example.org/lungCancer/shapes/Protocol1>,valid,91,8.11060357093811
<http://example.org/lungCancer/shapes/Protocol1>,valid,103,8.11060357093811
<http://example.org/lungCancer/shapes/Protocol1>,valid,265,8.11060357093811
<http://example.org/lungCancer/shapes/Protocol1>,valid,60,8.11060357093811
<http://example.org/lungCancer/shapes/Protocol1>,valid,1222,8.114603281021118
<http://example.org/lungCancer/shapes/Protocol1>,valid,405,8.111602783203125
<http://example.org/lungCancer/shapes/Protocol1>,valid,113,8.11060357093811
<http://example.org/lungCancer/shapes/Protocol1>,valid,673,8.112602949142456
<http://example.org/lungCancer/shapes/Protocol1>,valid,57,8.11060357093811
<http://example.org/lungCancer/shapes/Protocol1>,valid,848,8.112602949142456
<http://example.org/lungCancer/shapes/Protocol1>,valid,442,8.111602783203125
<http://example.org/lungCancer/shapes/Protocol1>,valid,731,8.112602949142456
<http://example.org/lungCancer/shapes/Protocol1>,valid,699,8.112602949142456
<http://example.org/lungCancer/shapes/Protocol1>,valid,818,8.112602949142456
<http://example.org/lungCancer/shapes/Protocol1>,valid,90,8.11060357093811
<http://example.org/lungCancer/shapes/Protocol1>,valid,1150,8.113603115081787
<http://example.org/lungCancer/shapes/Protocol1>,valid,659,8.112602949142456
<http://example.org/lungCancer/shapes/Protocol1>,valid,353,8.111602783203125
<http://example.org/lungCancer/shapes/Protocol1>,valid,357,8.111602783203125
<http://example.org/lungCancer/shapes/Protocol1>,valid,572,8.111602783203125
<http://example.org/lungCancer/shapes/Protocol1>,valid,1178,8.113603115081787
<http://example.org/lungCancer/shapes/Protocol1>,valid,61,8.11060357093811
<http://example.org/lungCancer/shapes/Protocol1>,valid,432,8.111602783203125
<http://example.org/lungCancer/shapes/Protocol1>,valid,654,8.112602949142456
<http://example.org/lungCancer/shapes/Protocol1>,valid,560,8.111602783203125
<http://example.org/lungCancer/shapes/Protocol1>,valid,347,8.111602783203125
<http://example.org/lungCancer/shapes/Protocol1>,valid,906,8.113603115081787
<http://example.org/lungCancer/shapes/Protocol1>,valid,545,8.111602783203125
<http://example.org/lungCancer/shapes/Protocol1>,valid,492,8.111602783203125
<http://example.org/lungCancer/shapes/Protocol1>,valid,438,8.111602783203125
<http://example.org/lungCancer/shapes/Protocol1>,valid,183,8.11060357093811
<http://example.org/lungCancer/shapes/Protocol1>,valid,644,8.112602949142456
<http://example.org/lungCancer/shapes/Protocol1>,valid,813,8.112602949142456
<http://example.org/lungCancer/shapes/Protocol1>,valid,887,8.112602949142456
<http://example.org/lungCancer/shapes/Protocol1>,valid,934,8.113603115081787
<http://example.org/lungCancer/shapes/Protocol1>,valid,1033,8.113603115081787
<http://example.org/lungCancer/shapes/Protocol1>,valid,942,8.113603115081787
<http://example.org/lungCancer/shapes/Protocol1>,valid,723,8.112602949142456
<http://example.org/lungCancer/shapes/Protocol1>,valid,499,8.111602783203125
<http://example.org/lungCancer/shapes/Protocol1>,valid,203,8.11060357093811
<http://example.org/lungCancer/shapes/Protocol1>,valid,434,8.111602783203125
<http://example.org/lungCancer/shapes/Protocol1>,valid,607,8.112602949142456
<http://example.org/lungCancer/shapes/Protocol1>,valid,517,8.111602783203125
<http://example.org/lungCancer/shapes/Protocol1>,valid,880,8.112602949142456
<http://example.org/lungCancer/shapes/Protocol1>,valid,227,8.11060357093811
<http://example.org/lungCancer/shapes/Protocol1>,valid,936,8.113603115081787
<http://example.org/lungCancer/shapes/Protocol1>,valid,1139,8.113603115081787
<http://example.org/lungCancer/shapes/Protocol1>,valid,18,8.11060357093811
<http://example.org/lungCancer/shapes/Protocol1>,valid,881,8.112602949142456
<http://example.org/lungCancer/shapes/Protocol1>,valid,28,8.11060357093811
<http://example.org/lungCancer/shapes/Protocol1>,valid,465,8.111602783203125
<http://example.org/lungCancer/shapes/Protocol1>,valid,1221,8.114603281021118
<http://example.org/lungCancer/shapes/Protocol1>,valid,1037,8.113603115081787
<http://example.org/lungCancer/shapes/Protocol1>,valid,142,8.11060357093811
<http://example.org/lungCancer/shapes/Protocol1>,valid,194,8.11060357093811
<http://example.org/lungCancer/shapes/Protocol1>,valid,1021,8.113603115081787
<http://example.org/lungCancer/shapes/Protocol1>,valid,1099,8.113603115081787
<http://example.org/lungCancer/shapes/Protocol1>,valid,822,8.112602949142456
<http://example.org/lungCancer/shapes/Protocol1>,valid,927,8.113603115081787
<http://example.org/lungCancer/shapes/Protocol1>,valid,953,8.113603115081787
<http://example.org/lungCancer/shapes/Protocol1>,valid,79,8.11060357093811
<http://example.org/lungCancer/shapes/Protocol1>,valid,182,8.11060357093811
<http://example.org/lungCancer/shapes/Protocol1>,valid,909,8.113603115081787
<http://example.org/lungCancer/shapes/Protocol1>,valid,202,8.11060357093811
<http://example.org/lungCancer/shapes/Protocol1>,valid,611,8.112602949142456
<http://example.org/lungCancer/shapes/Protocol1>,valid,495,8.111602783203125
<http://example.org/lungCancer/shapes/Protocol1>,valid,799,8.112602949142456
<http://example.org/lungCancer/shapes/Protocol1>,valid,1158,8.113603115081787
<http://example.org/lungCancer/shapes/Protocol1>,valid,321,8.111602783203125
<http://example.org/lungCancer/shapes/Protocol1>,valid,682,8.112602949142456
<http://example.org/lungCancer/shapes/Protocol1>,valid,1112,8.113603115081787
<http://example.org/lungCancer/shapes/Protocol1>,valid,39,8.11060357093811
<http://example.org/lungCancer/shapes/Protocol1>,valid,148,8.11060357093811
<http://example.org/lungCancer/shapes/Protocol1>,valid,1054,8.113603115081787
<http://example.org/lungCancer/shapes/Protocol1>,valid,1088,8.113603115081787
<http://example.org/lungCancer/shapes/Protocol1>,valid,552,8.111602783203125
<http://example.org/lungCancer/shapes/Protocol1>,valid,1134,8.113603115081787
<http://example.org/lungCancer/shapes/Protocol1>,valid,786,8.112602949142456
<http://example.org/lungCancer/shapes/Protocol1>,valid,359,8.111602783203125
<http://example.org/lungCancer/shapes/Protocol1>,valid,1063,8.113603115081787
<http://example.org/lungCancer/shapes/Protocol1>,valid,1020,8.113603115081787
<http://example.org/lungCancer/shapes/Protocol1>,valid,1053,8.113603115081787
<http://example.org/lungCancer/shapes/Protocol1>,valid,509,8.111602783203125
<http://example.org/lungCancer/shapes/Protocol1>,valid,1154,8.113603115081787
<http://example.org/lungCancer/shapes/Protocol1>,valid,982,8.113603115081787
<http://example.org/lungCancer/shapes/Protocol1>,valid,1092,8.113603115081787
<http://example.org/lungCancer/shapes/Protocol1>,valid,352,8.111602783203125
<http://example.org/lungCancer/shapes/Protocol1>,valid,529,8.111602783203125
<http://example.org/lungCancer/shapes/Protocol1>,valid,1233,8.114603281021118
<http://example.org/lungCancer/shapes/Protocol1>,valid,396,8.111602783203125
<http://example.org/lungCancer/shapes/Protocol1>,valid,383,8.111602783203125
<http://example.org/lungCancer/shapes/Protocol1>,valid,581,8.111602783203125
<http://example.org/lungCancer/shapes/Protocol1>,valid,279,8.11060357093811
<http://example.org/lungCancer/shapes/Protocol1>,valid,980,8.113603115081787
<http://example.org/lungCancer/shapes/Protocol1>,valid,972,8.113603115081787
<http://example.org/lungCancer/shapes/Protocol1>,valid,975,8.113603115081787
<http://example.org/lungCancer/shapes/Protocol1>,valid,668,8.112602949142456
<http://example.org/lungCancer/shapes/Protocol1>,valid,48,8.11060357093811
<http://example.org/lungCancer/shapes/Protocol1>,valid,428,8.111602783203125
<http://example.org/lungCancer/shapes/Protocol1>,valid,44,8.11060357093811
<http://example.org/lungCancer/shapes/Protocol1>,valid,935,8.113603115081787
<http://example.org/lungCancer/shapes/Protocol1>,valid,946,8.113603115081787
<http://example.org/lungCancer/shapes/Protocol1>,valid,691,8.112602949142456
<http://example.org/lungCancer/shapes/Protocol1>,valid,282,8.11060357093811
<http://example.org/lungCancer/shapes/Protocol1>,valid,514,8.111602783203125
<http://example.org/lungCancer/shapes/Protocol1>,valid,1171,8.113603115081787
<http://example.org/lungCancer/shapes/Protocol1>,valid,400,8.111602783203125
<http://example.org/lungCancer/shapes/Protocol1>,valid,898,8.112602949142456
<http://example.org/lungCancer/shapes/Protocol1>,valid,620,8.112602949142456
<http://example.org/lungCancer/shapes/Protocol1>,valid,229,8.11060357093811
<http://example.org/lungCancer/shapes/Protocol1>,valid,601,8.112602949142456
<http://example.org/lungCancer/shapes/Protocol1>,valid,85,8.11060357093811
<http://example.org/lungCancer/shapes/Protocol1>,valid,253,8.11060357093811
<http://example.org/lungCancer/shapes/Protocol1>,valid,951,8.113603115081787
<http://example.org/lungCancer/shapes/Protocol1>,valid,511,8.111602783203125
<http://example.org/lungCancer/shapes/Protocol1>,valid,1125,8.113603115081787
<http://example.org/lungCancer/shapes/Protocol1>,valid,436,8.111602783203125
<http://example.org/lungCancer/shapes/Protocol1>,valid,346,8.111602783203125
<http://example.org/lungCancer/shapes/Protocol1>,valid,1143,8.113603115081787
<http://example.org/lungCancer/shapes/Protocol1>,valid,446,8.111602783203125
<http://example.org/lungCancer/shapes/Protocol1>,valid,718,8.112602949142456
<http://example.org/lungCancer/shapes/Protocol1>,valid,567,8.111602783203125
<http://example.org/lungCancer/shapes/Protocol1>,valid,124,8.11060357093811
<http://example.org/lungCancer/shapes/Protocol1>,valid,570,8.111602783203125
<http://example.org/lungCancer/shapes/Protocol1>,valid,674,8.112602949142456
<http://example.org/lungCancer/shapes/Protocol1>,valid,1147,8.113603115081787
<http://example.org/lungCancer/shapes/Protocol1>,valid,73,8.11060357093811
<http://example.org/lungCancer/shapes/Protocol1>,valid,486,8.111602783203125
<http://example.org/lungCancer/shapes/Protocol1>,valid,1229,8.114603281021118
<http://example.org/lungCancer/shapes/Protocol1>,valid,650,8.112602949142456
<http://example.org/lungCancer/shapes/Protocol1>,valid,695,8.112602949142456
<http://example.org/lungCancer/shapes/Protocol1>,valid,1107,8.113603115081787
<http://example.org/lungCancer/shapes/Protocol1>,valid,1184,8.113603115081787
<http://example.org/lungCancer/shapes/Protocol1>,valid,313,8.111602783203125
<http://example.org/lungCancer/shapes/Protocol1>,valid,900,8.113603115081787
<http://example.org/lungCancer/shapes/Protocol1>,valid,217,8.11060357093811
<http://example.org/lungCancer/shapes/Protocol1>,valid,1228,8.114603281021118
<http://example.org/lungCancer/shapes/Protocol1>,valid,233,8.11060357093811
<http://example.org/lungCancer/shapes/Protocol1>,valid,1197,8.113603115081787
<http://example.org/lungCancer/shapes/Protocol1>,valid,399,8.111602783203125
<http://example.org/lungCancer/shapes/Protocol1>,valid,270,8.11060357093811
<http://example.org/lungCancer/shapes/Protocol1>,valid,636,8.112602949142456
<http://example.org/lungCancer/shapes/Protocol1>,valid,1226,8.114603281021118
<http://example.org/lungCancer/shapes/Protocol1>,valid,425,8.111602783203125
<http://example.org/lungCancer/shapes/Protocol1>,valid,894,8.112602949142456
<http://example.org/lungCancer/shapes/Protocol1>,valid,136,8.11060357093811
<http://example.org/lungCancer/shapes/Protocol1>,valid,585,8.111602783203125
<http://example.org/lungCancer/shapes/Protocol1>,valid,670,8.112602949142456
<http://example.org/lungCancer/shapes/Protocol1>,valid,839,8.112602949142456
<http://example.org/lungCancer/shapes/Protocol1>,valid,756,8.112602949142456
<http://example.org/lungCancer/shapes/Protocol1>,valid,872,8.112602949142456
<http://example.org/lungCancer/shapes/Protocol1>,valid,521,8.111602783203125
<http://example.org/lungCancer/shapes/Protocol1>,valid,897,8.112602949142456
<http://example.org/lungCancer/shapes/Protocol1>,valid,1110,8.113603115081787
<http://example.org/lungCancer/shapes/Protocol1>,valid,439,8.111602783203125
<http://example.org/lungCancer/shapes/Protocol1>,valid,690,8.112602949142456
<http://example.org/lungCancer/shapes/Protocol1>,valid,318,8.111602783203125
<http://example.org/lungCancer/shapes/Protocol1>,valid,62,8.11060357093811
<http://example.org/lungCancer/shapes/Protocol1>,valid,947,8.113603115081787
<http://example.org/lungCancer/shapes/Protocol1>,valid,185,8.11060357093811
<http://example.org/lungCancer/shapes/Protocol1>,valid,87,8.11060357093811
<http://example.org/lungCancer/shapes/Protocol1>,valid,365,8.111602783203125
<http://example.org/lungCancer/shapes/Protocol1>,valid,340,8.111602783203125
<http://example.org/lungCancer/shapes/Protocol1>,valid,1236,8.114603281021118
<http://example.org/lungCancer/shapes/Protocol1>,valid,850,8.112602949142456
<http://example.org/lungCancer/shapes/Protocol1>,valid,36,8.11060357093811
<http://example.org/lungCancer/shapes/Protocol1>,valid,487,8.111602783203125
<http://example.org/lungCancer/shapes/Protocol1>,valid,178,8.11060357093811
<http://example.org/lungCancer/shapes/Protocol1>,valid,37,8.11060357093811
<http://example.org/lungCancer/shapes/Protocol1>,valid,631,8.112602949142456
<http://example.org/lungCancer/shapes/Protocol1>,valid,349,8.111602783203125
<http://example.org/lungCancer/shapes/Protocol1>,valid,669,8.112602949142456
<http://example.org/lungCancer/shapes/Protocol1>,valid,1164,8.113603115081787
<http://example.org/lungCancer/shapes/Protocol1>,valid,500,8.111602783203125
<http://example.org/lungCancer/shapes/Protocol1>,valid,1114,8.113603115081787
<http://example.org/lungCancer/shapes/Protocol1>,valid,305,8.111602783203125
<http://example.org/lungCancer/shapes/Protocol1>,valid,30,8.11060357093811
<http://example.org/lungCancer/shapes/Protocol1>,valid,256,8.11060357093811
<http://example.org/lungCancer/shapes/Protocol1>,valid,443,8.111602783203125
<http://example.org/lungCancer/shapes/Protocol1>,valid,93,8.11060357093811
<http://example.org/lungCancer/shapes/Protocol1>,valid,884,8.112602949142456
<http://example.org/lungCancer/shapes/Protocol1>,valid,1216,8.114603281021118
<http://example.org/lungCancer/shapes/Protocol1>,valid,413,8.111602783203125
<http://example.org/lungCancer/shapes/Protocol1>,valid,721,8.112602949142456
<http://example.org/lungCancer/shapes/Protocol1>,valid,1223,8.114603281021118
<http://example.org/lungCancer/shapes/Protocol1>,valid,1012,8.113603115081787
<http://example.org/lungCancer/shapes/Protocol1>,valid,702,8.112602949142456
<http://example.org/lungCancer/shapes/Protocol1>,valid,904,8.113603115081787
<http://example.org/lungCancer/shapes/Protocol1>,valid,571,8.111602783203125
<http://example.org/lungCancer/shapes/Protocol1>,valid,198,8.11060357093811
<http://example.org/lungCancer/shapes/Protocol1>,valid,700,8.112602949142456
<http://example.org/lungCancer/shapes/Protocol1>,valid,574,8.111602783203125
<http://example.org/lungCancer/shapes/Protocol1>,valid,729,8.112602949142456
<http://example.org/lungCancer/shapes/Protocol1>,valid,1051,8.113603115081787
<http://example.org/lungCancer/shapes/Protocol1>,valid,525,8.111602783203125
<http://example.org/lungCancer/shapes/Protocol1>,valid,1026,8.113603115081787
<http://example.org/lungCancer/shapes/Protocol1>,valid,78,8.11060357093811
<http://example.org/lungCancer/shapes/Protocol1>,valid,277,8.11060357093811
<http://example.org/lungCancer/shapes/Protocol1>,valid,703,8.112602949142456
<http://example.org/lungCancer/shapes/Protocol1>,valid,285,8.11060357093811
<http://example.org/lungCancer/shapes/Protocol1>,valid,72,8.11060357093811
<http://example.org/lungCancer/shapes/Protocol1>,valid,1149,8.113603115081787
<http://example.org/lungCancer/shapes/Protocol1>,valid,1169,8.113603115081787
<http://example.org/lungCancer/shapes/Protocol1>,valid,1194,8.113603115081787
<http://example.org/lungCancer/shapes/Protocol1>,valid,732,8.112602949142456
<http://example.org/lungCancer/shapes/Protocol1>,valid,1043,8.113603115081787
<http://example.org/lungCancer/shapes/Protocol1>,valid,688,8.112602949142456
<http://example.org/lungCancer/shapes/Protocol1>,valid,437,8.111602783203125
<http://example.org/lungCancer/shapes/Protocol1>,valid,901,8.113603115081787
<http://example.org/lungCancer/shapes/Protocol1>,valid,1207,8.113603115081787
<http://example.org/lungCancer/shapes/Protocol1>,valid,693,8.112602949142456
<http://example.org/lungCancer/shapes/Protocol1>,valid,309,8.111602783203125
<http://example.org/lungCancer/shapes/Protocol1>,valid,1124,8.113603115081787
<http://example.org/lungCancer/shapes/Protocol1>,valid,541,8.111602783203125
<http://example.org/lungCancer/shapes/Protocol1>,valid,628,8.112602949142456
<http://example.org/lungCancer/shapes/Protocol1>,valid,907,8.113603115081787
<http://example.org/lungCancer/shapes/Protocol1>,valid,932,8.113603115081787
<http://example.org/lungCancer/shapes/Protocol1>,valid,378,8.111602783203125
<http://example.org/lungCancer/shapes/Protocol1>,valid,225,8.11060357093811
<http://example.org/lungCancer/shapes/Protocol1>,valid,981,8.113603115081787
<http://example.org/lungCancer/shapes/Protocol1>,valid,478,8.111602783203125
<http://example.org/lungCancer/shapes/Protocol1>,valid,466,8.111602783203125
<http://example.org/lungCancer/shapes/Protocol1>,valid,833,8.112602949142456
<http://example.org/lungCancer/shapes/Protocol1>,valid,476,8.111602783203125
<http://example.org/lungCancer/shapes/Protocol1>,valid,170,8.11060357093811
<http://example.org/lungCancer/shapes/Protocol1>,valid,711,8.112602949142456
<http://example.org/lungCancer/shapes/Protocol1>,valid,1213,8.114603281021118
<http://example.org/lungCancer/shapes/Protocol1>,valid,504,8.111602783203125
<http://example.org/lungCancer/shapes/Protocol1>,valid,991,8.113603115081787
<http://example.org/lungCancer/shapes/Protocol1>,valid,1206,8.113603115081787
<http://example.org/lungCancer/shapes/Protocol1>,valid,719,8.112602949142456
<http://example.org/lungCancer/shapes/Protocol1>,valid,961,8.113603115081787
<http://example.org/lungCancer/shapes/Protocol1>,valid,278,8.11060357093811
<http://example.org/lungCancer/shapes/Protocol1>,valid,108,8.11060357093811
<http://example.org/lungCancer/shapes/Protocol1>,valid,826,8.112602949142456
<http://example.org/lungCancer/shapes/Protocol1>,valid,681,8.112602949142456
<http://example.org/lungCancer/shapes/Protocol1>,valid,117,8.11060357093811
<http://example.org/lungCancer/shapes/Protocol1>,valid,1072,8.113603115081787
<http://example.org/lungCancer/shapes/Protocol1>,valid,484,8.111602783203125
<http://example.org/lungCancer/shapes/Protocol1>,valid,31,8.11060357093811
<http://example.org/lungCancer/shapes/Protocol1>,valid,1082,8.113603115081787
<http://example.org/lungCancer/shapes/Protocol1>,valid,748,8.112602949142456
<http://example.org/lungCancer/shapes/Protocol1>,valid,779,8.112602949142456
<http://example.org/lungCancer/shapes/Protocol1>,valid,308,8.111602783203125
<http://example.org/lungCancer/shapes/Protocol1>,valid,1077,8.113603115081787
<http://example.org/lungCancer/shapes/Protocol1>,valid,268,8.11060357093811
<http://example.org/lungCancer/shapes/Protocol1>,valid,594,8.112602949142456
<http://example.org/lungCancer/shapes/Protocol1>,valid,797,8.112602949142456
<http://example.org/lungCancer/shapes/Protocol1>,valid,154,8.11060357093811
<http://example.org/lungCancer/shapes/Protocol1>,valid,784,8.112602949142456
<http://example.org/lungCancer/shapes/Protocol1>,valid,726,8.112602949142456
<http://example.org/lungCancer/shapes/Protocol1>,valid,1034,8.113603115081787
<http://example.org/lungCancer/shapes/Protocol1>,valid,1231,8.114603281021118
<http://example.org/lungCancer/shapes/Protocol1>,valid,1159,8.113603115081787
<http://example.org/lungCancer/shapes/Protocol1>,valid,665,8.112602949142456
<http://example.org/lungCancer/shapes/Protocol1>,valid,197,8.11060357093811
<http://example.org/lungCancer/shapes/Protocol1>,valid,401,8.111602783203125
<http://example.org/lungCancer/shapes/Protocol1>,valid,46,8.11060357093811
<http://example.org/lungCancer/shapes/Protocol1>,valid,271,8.11060357093811
<http://example.org/lungCancer/shapes/Protocol1>,valid,376,8.111602783203125
<http://example.org/lungCancer/shapes/Protocol1>,valid,757,8.112602949142456
<http://example.org/lungCancer/shapes/Protocol1>,valid,274,8.11060357093811
<http://example.org/lungCancer/shapes/Protocol1>,valid,206,8.11060357093811
<http://example.org/lungCancer/shapes/Protocol1>,valid,96,8.11060357093811
<http://example.org/lungCancer/shapes/Protocol1>,valid,752,8.112602949142456
<http://example.org/lungCancer/shapes/Protocol1>,valid,827,8.112602949142456
<http://example.org/lungCancer/shapes/Protocol1>,valid,40,8.11060357093811
<http://example.org/lungCancer/shapes/Protocol1>,valid,536,8.111602783203125
<http://example.org/lungCancer/shapes/Protocol1>,valid,1141,8.113603115081787
<http://example.org/lungCancer/shapes/Protocol1>,valid,747,8.112602949142456
<http://example.org/lungCancer/shapes/Protocol1>,valid,260,8.11060357093811
<http://example.org/lungCancer/shapes/Protocol1>,valid,952,8.113603115081787
<http://example.org/lungCancer/shapes/Protocol1>,valid,983,8.113603115081787
<http://example.org/lungCancer/shapes/Protocol1>,valid,479,8.111602783203125
<http://example.org/lungCancer/shapes/Protocol1>,valid,199,8.11060357093811
<http://example.org/lungCancer/shapes/Protocol1>,valid,527,8.111602783203125
<http://example.org/lungCancer/shapes/Protocol1>,violated,11,8.11060357093811
<http://example.org/lungCancer/shapes/Protocol1>,valid,459,8.111602783203125
<http://example.org/lungCancer/shapes/Protocol1>,valid,1028,8.113603115081787
<http://example.org/lungCancer/shapes/Protocol1>,valid,281,8.11060357093811
<http://example.org/lungCancer/shapes/Protocol1>,valid,1167,8.113603115081787
<http://example.org/lungCancer/shapes/Protocol1>,valid,1136,8.113603115081787
<http://example.org/lungCancer/shapes/Protocol1>,valid,858,8.112602949142456
<http://example.org/lungCancer/shapes/Protocol1>,valid,641,8.112602949142456
<http://example.org/lungCancer/shapes/Protocol1>,valid,754,8.112602949142456
<http://example.org/lungCancer/shapes/Protocol1>,valid,937,8.113603115081787
<http://example.org/lungCancer/shapes/Protocol1>,valid,164,8.11060357093811
<http://example.org/lungCancer/shapes/Protocol1>,valid,71,8.11060357093811
<http://example.org/lungCancer/shapes/Protocol1>,valid,70,8.11060357093811
<http://example.org/lungCancer/shapes/Protocol1>,valid,373,8.111602783203125
<http://example.org/lungCancer/shapes/Protocol1>,valid,643,8.112602949142456
<http://example.org/lungCancer/shapes/Protocol1>,valid,235,8.11060357093811
<http://example.org/lungCancer/shapes/Protocol1>,valid,45,8.11060357093811
<http://example.org/lungCancer/shapes/Protocol1>,valid,264,8.11060357093811
<http://example.org/lungCancer/shapes/Protocol1>,valid,857,8.112602949142456
<http://example.org/lungCancer/shapes/Protocol1>,valid,515,8.111602783203125
<http://example.org/lungCancer/shapes/Protocol1>,valid,720,8.112602949142456
<http://example.org/lungCancer/shapes/Protocol1>,valid,498,8.111602783203125
<http://example.org/lungCancer/shapes/Protocol1>,valid,333,8.111602783203125
<http://example.org/lungCancer/shapes/Protocol1>,valid,1181,8.113603115081787
<http://example.org/lungCancer/shapes/Protocol1>,valid,878,8.112602949142456
<http://example.org/lungCancer/shapes/Protocol1>,valid,892,8.112602949142456
<http://example.org/lungCancer/shapes/Protocol1>,valid,17,8.11060357093811
<http://example.org/lungCancer/shapes/Protocol1>,valid,807,8.112602949142456
<http://example.org/lungCancer/shapes/Protocol1>,valid,119,8.11060357093811
<http://example.org/lungCancer/shapes/Protocol1>,valid,565,8.111602783203125
<http://example.org/lungCancer/shapes/Protocol1>,valid,649,8.112602949142456
<http://example.org/lungCancer/shapes/Protocol1>,valid,146,8.11060357093811
<http://example.org/lungCancer/shapes/Protocol1>,valid,98,8.11060357093811
<http://example.org/lungCancer/shapes/Protocol1>,valid,350,8.111602783203125
<http://example.org/lungCancer/shapes/Protocol1>,valid,351,8.111602783203125
<http://example.org/lungCancer/shapes/Protocol1>,valid,190,8.11060357093811
<http://example.org/lungCancer/shapes/Protocol1>,valid,979,8.113603115081787
<http://example.org/lungCancer/shapes/Protocol1>,valid,1104,8.113603115081787
<http://example.org/lungCancer/shapes/Protocol1>,valid,169,8.11060357093811
<http://example.org/lungCancer/shapes/Protocol1>,valid,1133,8.113603115081787
<http://example.org/lungCancer/shapes/Protocol1>,valid,255,8.11060357093811
<http://example.org/lungCancer/shapes/Protocol1>,valid,922,8.113603115081787
<http://example.org/lungCancer/shapes/Protocol1>,valid,424,8.111602783203125
<http://example.org/lungCancer/shapes/Protocol1>,valid,319,8.111602783203125
<http://example.org/lungCancer/shapes/Protocol1>,valid,293,8.111602783203125
<http://example.org/lungCancer/shapes/Protocol1>,valid,102,8.11060357093811
<http://example.org/lungCancer/shapes/Protocol1>,valid,369,8.111602783203125
<http://example.org/lungCancer/shapes/Protocol1>,valid,426,8.111602783203125
<http://example.org/lungCancer/shapes/Protocol1>,valid,455,8.111602783203125
<http://example.org/lungCancer/shapes/Protocol1>,valid,1031,8.113603115081787
<http://example.org/lungCancer/shapes/Protocol1>,valid,1234,8.114603281021118
<http://example.org/lungCancer/shapes/Protocol1>,valid,1204,8.113603115081787
<http://example.org/lungCancer/shapes/Protocol1>,valid,889,8.112602949142456
<http://example.org/lungCancer/shapes/Protocol1>,valid,575,8.111602783203125
<http://example.org/lungCancer/shapes/Protocol1>,valid,230,8.11060357093811
<http://example.org/lungCancer/shapes/Protocol1>,valid,315,8.111602783203125
<http://example.org/lungCancer/shapes/Protocol1>,valid,447,8.111602783203125
<http://example.org/lungCancer/shapes/Protocol1>,valid,1240,8.114603281021118
<http://example.org/lungCancer/shapes/Protocol1>,valid,374,8.111602783203125
<http://example.org/lungCancer/shapes/Protocol1>,valid,808,8.112602949142456
<http://example.org/lungCancer/shapes/Protocol1>,valid,580,8.111602783203125
<http://example.org/lungCancer/shapes/Protocol1>,valid,554,8.111602783203125
<http://example.org/lungCancer/shapes/Protocol1>,valid,54,8.11060357093811
<http://example.org/lungCancer/shapes/Protocol1>,valid,738,8.112602949142456
<http://example.org/lungCancer/shapes/Protocol1>,valid,237,8.11060357093811
<http://example.org/lungCancer/shapes/Protocol1>,valid,1025,8.113603115081787
<http://example.org/lungCancer/shapes/Protocol1>,valid,831,8.112602949142456
<http://example.org/lungCancer/shapes/Protocol1>,valid,52,8.11060357093811
<http://example.org/lungCancer/shapes/Protocol1>,valid,510,8.111602783203125
<http://example.org/lungCancer/shapes/Protocol1>,valid,832,8.112602949142456
<http://example.org/lungCancer/shapes/Protocol1>,valid,730,8.112602949142456
<http://example.org/lungCancer/shapes/Protocol1>,valid,755,8.112602949142456
<http://example.org/lungCancer/shapes/Protocol1>,valid,837,8.112602949142456
<http://example.org/lungCancer/shapes/Protocol1>,valid,211,8.11060357093811
<http://example.org/lungCancer/shapes/Protocol1>,valid,1128,8.113603115081787
<http://example.org/lungCancer/shapes/Protocol1>,valid,433,8.111602783203125
<http://example.org/lungCancer/shapes/Protocol1>,valid,344,8.111602783203125
<http://example.org/lungCancer/shapes/Protocol1>,valid,962,8.113603115081787
<http://example.org/lungCancer/shapes/Protocol1>,valid,1238,8.114603281021118
<http://example.org/lungCancer/shapes/Protocol1>,valid,236,8.11060357093811
<http://example.org/lungCancer/shapes/Protocol1>,valid,324,8.111602783203125
<http://example.org/lungCancer/shapes/Protocol1>,valid,430,8.111602783203125
<http://example.org/lungCancer/shapes/Protocol1>,valid,249,8.11060357093811
<http://example.org/lungCancer/shapes/Protocol1>,valid,1191,8.113603115081787
<http://example.org/lungCancer/shapes/Protocol1>,valid,883,8.112602949142456
<http://example.org/lungCancer/shapes/Protocol1>,valid,392,8.111602783203125
<http://example.org/lungCancer/shapes/Protocol1>,valid,866,8.112602949142456
<http://example.org/lungCancer/shapes/Protocol1>,valid,543,8.111602783203125
<http://example.org/lungCancer/shapes/Protocol1>,valid,368,8.111602783203125
<http://example.org/lungCancer/shapes/Protocol1>,valid,759,8.112602949142456
<http://example.org/lungCancer/shapes/Protocol1>,valid,1023,8.113603115081787
